"","File","PA_Perhaps","Boundary_Perhaps","PA_SubjPron","Pred","PA_Pred","Boundary_Pred","breakS","PA_w2","PA_w3","PA_w4","talker","cond","B_main","utt","B_complement","Dur_Perhaps","w1_f0Mean","w1_f0Max","w1_tMax","w1_f0Min","w1_tMin","w1_dur","w2","w2_f0Mean","w2_f0Max","w2_tmax","w2_f0Min","w2_tMin","Pronoun_dur","w3","w3_f0Mean","w3_f0Max","w3_tMax","w3_f0Min","w3_tMin","w3_dur","w4","w4_f0Mean","w4_f0Max","w4_tMax","w4_f0Min","w4_tMin","w4_dur","w5","w5_f0Mean","w5_f0Max","w5_tMax","w5_f0Min","w5_tMin","w5_dur","w6","w6_f0Mean","w6_f0Max","w6_tMax","w6_f0Min","w6_tMin","w6_dur","w7","w7_f0Mean","w7_f0Max","w7_tMax","w7_f0Min","w7_tMin","w7_dur","w8","w8_f0Mean","w8_f0Max","w8_tMax","w8_f0Min","w8_tMin","w8_dur","w9","w9_f0Mean","w9_f0Max","w9_tMax","w9_f0Min","w9_tMin","w9_dur","w10","w10_f0Mean","w10_f0Max","w10_tMax","w10_f0Min","w10_tMin","w10_dur","gender","lcw","lcw_dur","lcw_PA","PA_LCW_Height","PA_LCW_Movement","MC_dur","CC_dur","that_dur","utt_dur","lcw_dur_norm","Utterance_mean","F0mean_c","PA_PRED_Height","lcw_PA_Focus"
"1","P1-A-1-nc.wav","LH","B","N","aware","!H*","L-","L-L%","N","N","H*","P1","nc","No","A1","No",0.264110974,242,252,0.384172336,236,0.23509375,0.264110974,"she",317,325,0.534172336,312,0.593475459,0.197099596,"was",310,318,0.640962639,294,0.746603598,0.140869676,"aware",226,294,0.746603598,199,0.941764037,0.241852053,"that",209,217,1.044172336,197,0.988455652,0.102471926,"he",215,256,1.090927578,203,1.229719207,0.138791629,"was",198,203,1.229719207,196,1.322611179,0.15200988,"a",196,197,1.389172336,196,1.412224415,0.088121669,"terrible",196,210,1.554172336,188,1.852310524,0.382459769,"administrator",165,203,1.996723712,102,2.461672336,0.716280873,"female","administrator",0.716280873,"H*","H","Mono-tonal",0.843932299,1.47766382,0.102471926,2.424068045,0.295487114925439,227.4,0.799249952505163,"H","1"
"2","P1-A-2-c.wav","LH","B","N","aware","!H*","H-","L-L%","H*","","","P1","c","No","A2","No",0.296566241,248,294,0.383231293,221,0.238111857,0.296566241,"she",350,370,0.513231293,324,0.577413045,0.166704769,"was",273,324,0.577413045,210,0.72702332,0.149610274,"aware",204,212,0.887371217,189,0.7864925,0.248071737,"that",186,195,0.975095056,181,1.003231293,0.119416846,"he",212,259,1.096981293,193,1.202973774,0.108461872,"was",183,193,1.202973774,181,1.250624007,0.164015514,"unreliable",129,204,1.366989288,86,1.663794277,0.682194888,NA,NA,NA,NA,NA,NA,NA,NA,NA,NA,NA,NA,NA,NA,"female","unreliable",0.682194888,"H*","H","Mono-tonal",0.860953021,0.954672274,0.119416846,1.935042141,0.352547819784148,223.125,0.718574292329737,"H","1"
"3","P1-A-2-nc.wav","LH","B","N","aware","L+H*","B","L-L%","H*","","","P1","nc","No","A2","No",0.246628921,256,276,0.358700892,240,0.232461207,0.246628921,"she",301,308,0.533443878,293,0.58353132,0.188350511,"was",281,293,0.58353132,239,0.750914188,0.167382868,"aware",225,242,0.948463531,209,0.818854689,0.251743833,"that",196,214,1.002658021,190,1.064758006,0.101768784,"he",208,215,1.15930303,194,1.230822313,0.126395508,"was",185,194,1.230822313,180,1.298443878,0.131476746,"unreliable",157,207,1.834693878,93,1.654351276,0.744271998,NA,NA,NA,NA,NA,NA,NA,NA,NA,NA,NA,NA,NA,NA,"female","unreliable",0.744271998,"H*","H","Mono-tonal",0.854106133,1.002144252,0.101768784,1.958019169,0.380114765873367,226.125,0.775188790698457,"H","1"
"4","P1-A-3-c.wav","LH","B","N","aware","!H*","H-","L-H%","N","N","H*","P1","c","No","A3","No",0.302029932,247,292,0.376519274,224,0.245934433,0.302029932,"she",344,357,0.521519274,330,0.61820136,0.181476684,"was",322,330,0.61820136,273,0.773752804,0.155551444,"aware",217,273,0.774019274,203,0.955424169,0.262132989,"that",212,219,1.119019274,203,1.043358576,0.123865039,"he",222,232,1.239019274,216,1.159750831,0.155551444,"had",208,216,1.315302275,195,1.456519274,0.207401925,"bad",194,202,1.681373437,188,1.593551882,0.181476684,"reviews",184,201,1.885028032,165,2.026568425,0.568786212,"",NA,NA,NA,NA,NA,NA,"female","reviews",0.568786212,"H*","H","Mono-tonal",0.901191049,1.113216265,0.123865039,2.138272353,0.266002696617198,238.888888888889,1.01606251292463,"H","1"
"5","P1-A-3-nc.wav","LH","B","N","aware","!H*","L-H%","L-L%","N","N","H*","P1","nc","No","A3","No",0.310124495,245,287,0.37114229,226,0.227965139,0.310124495,"she",355,459,0.47406219,274,0.607594899,0.173969651,"was",243,274,0.607594899,211,0.726796326,0.119201427,"aware",206,215,1.07614229,203,0.788431349,0.409467597,"that",212,224,1.39114229,207,1.4615118,0.146352956,"he",218,221,1.592868743,215,1.677464601,0.172962584,"had",203,216,1.712122725,182,1.84864229,0.205513362,"bad",187,192,2.10086295,182,1.982392731,0.20028347,"reviews",208,426,2.57614229,133,2.43498909,0.587790427,"",NA,NA,NA,NA,NA,NA,"female","reviews",0.587790427,"H*","H","Mono-tonal",1.01276317,1.166549843,0.146352956,2.325665969,0.252740692272649,230.777777777778,0.8629936840018,"H","1"
"6","P1-D-2-c.wav","LH","B","N","discovered","N","B","L-L%","N","L+H*","","P1","c","No","D2","No",0.331941159,230,292,0.430992063,221,0.225616517,0.331941159,"he",267,290,0.436702475,248,0.495186553,0.058484078,"discovered",250,262,0.693492063,217,0.908907256,0.413720703,"that",164,218,0.908907256,134,0.972831282,0.103971695,"he's",241,250,1.074830151,201,1.012878951,0.155957542,"a",244,247,1.168836493,239,1.199865497,0.031029003,"father",203,276,1.396373174,92,1.53505238,0.460639061,"",NA,NA,NA,NA,NA,NA,NA,NA,NA,NA,NA,NA,NA,NA,NA,NA,NA,NA,NA,NA,"female","father",0.460639061,"L+H*","H","Bi-tonal",0.80414594,0.647625606,0.103971695,1.555743241,0.296089385999139,228.428571428571,0.818660637660145,"N","1"
"7","P1-D-2-nc.wav","LH","B","N","discovered","!H*","B","L-L%","N","H*","","P1","nc","No","D2","No",0.316594517,236,305,0.418682945,212,0.195679799,0.316594517,"he",198,200,0.485839002,193,0.520790182,0.102107237,"discovered",196,212,0.86792157,176,0.955663454,0.434873272,"that",142,176,0.955663454,129,1.001417111,0.066017202,"he's",201,218,1.088958411,145,1.021680656,0.159835519,"a",231,234,1.187089002,228,1.217089002,0.037650257,"father",204,261,1.379081347,85,1.557813941,0.471979818,"",NA,NA,NA,NA,NA,NA,NA,NA,NA,NA,NA,NA,NA,NA,NA,NA,NA,NA,NA,NA,"female","father",0.471979818,"H*","H","Mono-tonal",0.853575026,0.669465594,0.066017202,1.589057822,0.297018655624477,201.142857142857,0.303738295354175,"H","1"
"8","P1-K-2-c.wav","LH","B","N","knew","!H*","H-","L-H%","L+H*","","","P1","c","No","K2","No",0.3619225,260,295,0.338820862,237,0.183661135,0.3619225,"he",315,321,0.481320862,303,0.540960951,0.083959838,"knew",233,303,0.540960951,193,0.722873933,0.181912982,"that",196,199,0.783820862,193,0.738153326,0.113945494,"she",227,233,0.938820862,220,1.000741016,0.163921588,"was",218,229,1.14667121,216,1.083455175,0.145930195,"married",180,231,1.249852204,113,1.421859296,0.371348499,"",NA,NA,NA,NA,NA,NA,NA,NA,NA,NA,NA,NA,NA,NA,NA,NA,NA,NA,NA,NA,"female","married",0.371348499,"L+H*","H","Bi-tonal",0.62779532,0.681200282,0.113945494,1.422941096,0.26097250268749,232.714285714286,0.899538492472615,"H","1"
"9","P1-K-2-nc.wav","LH","B","N","knew","!H*","H-","L-H%","H*","","","P1","nc","No","K2","No",0.358990363,245,268,0.354399093,227,0.221790038,0.358990363,"he",294,299,0.489399093,287,0.535232689,0.053606926,"knew",267,287,0.535232689,244,0.698197744,0.162965055,"that",238,244,0.698197744,236,0.751899093,0.090059636,"she",245,264,0.914399093,225,0.972665205,0.184407825,"was",210,225,0.972665205,203,1.042779064,0.143666561,"married",141,201,1.142434747,75,1.430549066,0.484441899,"",NA,NA,NA,NA,NA,NA,NA,NA,NA,NA,NA,NA,NA,NA,NA,NA,NA,NA,NA,NA,"female","married",0.484441899,"H*","H","Mono-tonal",0.575562344,0.812516285,0.090059636,1.478138265,0.327737878431826,234.285714285714,0.929193705903838,"H","1"
"10","P1-K-3-c.wav","LH","B","N","knew","!H*","B","L-L%","!H*","","","P1","c","No","K3","No",0.334417248,219,238,0.376660998,209,0.228325849,0.334417248,"she",267,283,0.579160998,248,0.643174442,0.195986204,"knew",235,248,0.643174442,226,0.809162757,0.165988315,"that",210,226,0.809162757,203,0.886660998,0.117991694,"he",210,213,0.975099063,204,1.031147131,0.103992679,"was",197,204,1.031147131,191,1.124179537,0.156888164,"wrong",178,222,1.528824714,132,1.444160998,0.364305966,"",NA,NA,NA,NA,NA,NA,NA,NA,NA,NA,NA,NA,NA,NA,NA,NA,NA,NA,NA,NA,"female","wrong",0.364305966,"!H*","H","Mono-tonal",0.696391767,0.625186809,0.117991694,1.43957027,0.253065774969082,216.571428571429,0.594898572679031,"H","0"
"11","P1-K-3-nc.wav","LH","B","N","knew","!H*","H-","L-L%","L*","","","P1","nc","No","K3","No",0.283568467,241,270,0.369056122,236,0.32473755,0.283568467,"she",397,468,0.47274362,298,0.575381493,0.182625014,"knew",243,297,0.575381493,212,0.746710114,0.171328621,"that",189,212,0.746710114,154,0.834721209,0.099784801,"he",211,226,0.926989267,160,0.846494916,0.131791247,"was",198,218,0.978286163,179,1.159028445,0.180742282,"wrong",168,219,1.410090906,110,1.314056122,0.293330517,"",NA,NA,NA,NA,NA,NA,NA,NA,NA,NA,NA,NA,NA,NA,NA,NA,NA,NA,NA,NA,"female","wrong",0.293330517,"L*","L","Mono-tonal",0.637522102,0.605864046,0.099784801,1.343170949,0.218386585280441,235.285714285714,0.948065205360078,"H","0"
"12","P1-N-2-c.wav","LH","B","H*","noticed","!H*","H-","L-L%","N","N","L*","P1","c","No","N2","No",0.290289356,245,264,0.380678446,230,0.276373903,0.290289356,"she",305,309,0.628627367,291,0.69240562,0.218154243,"noticed",208,291,0.69240562,175,0.897178942,0.376575777,"that",186,192,1.083265306,182,1.122888021,0.075315155,"he",198,205,1.216315228,187,1.144296553,0.137644939,"had",178,191,1.281941492,162,1.432571803,0.150630311,"bad",154,162,1.432571803,146,1.668265306,0.244124987,"breath",83,96,1.853695925,61,1.923265306,0.462181759,"",NA,NA,NA,NA,NA,NA,"",NA,NA,NA,NA,NA,NA,"female","breath",0.462181759,"L*","L","Mono-tonal",0.885019376,0.994581996,0.075315155,1.954916527,0.236420201382849,194.625,0.1807365578269,"H","0"
"13","P1-N-2-nc.wav","LH","B","N","noticed","!H*","H-","L-L%","N","N","H*","P1","nc","No","N2","No",0.274347527,254,279,0.351956337,230,0.230808141,0.274347527,"she",340,347,0.519586168,324,0.568865552,0.164181829,"noticed",271,324,0.568865552,239,0.812086168,0.357336921,"that",NA,NA,NA,NA,NA,0.045874334,"he",NA,NA,NA,NA,NA,0.103820862,"had",219,237,1.087177713,190,1.202086168,0.163868567,"bad",203,210,1.351812116,196,1.262086168,0.247299473,"breath",205,211,1.559328624,195,1.614586168,0.447147224,"",NA,NA,NA,NA,NA,NA,"",NA,NA,NA,NA,NA,NA,"female","breath",0.447147224,"H*","H","Mono-tonal",0.795866277,0.962136126,0.045874334,1.803876737,0.247881251988228,NA,NA,"H","1"
"14","P11-A-1-nc.wav","LH","B","N","aware","!H*","L-","L-H%","N","H*","H*","P11","nc","No","A1","No",0.285027015,121,141,0.133174603,110,0.198408799,0.285027015,"she",141,142,0.513174603,141,0.545632367,0.153995005,"was",139,143,0.589440615,135,0.663524603,0.162043947,"aware",122,140,0.713926929,105,1.070993154,0.360508687,"that",108,114,1.173174603,104,1.123174603,0.119573479,"he",116,119,1.227038563,111,1.32061328,0.130046648,"was",109,111,1.32061328,109,1.35391494,0.155666302,"a",100,103,1.483174603,97,1.513174603,0.045252328,"terrible",116,132,1.653174603,108,1.72188606,0.459484277,"administrator",97,119,1.981016187,48,2.623773825,0.78447823,"male","administrator",0.78447823,"H*","H","Mono-tonal",0.961574654,1.574927785,0.119573479,2.656075918,0.295352337139032,116.9,-1.28605073740935,"H","1"
"15","P11-A-2-c.wav","LH","B","N","aware","!H*","H-","L-L%","H+!H*","","","P11","c","No","A2","No",0.217677053,120,126,0.453514739,114,0.293514739,0.217677053,"she",149,150,0.588727973,146,0.625728599,0.16191589,"was",142,146,0.625728599,140,0.673514739,0.102343171,"aware",125,143,0.728071769,114,1.036693219,0.30862145,"that",115,122,1.169505533,114,1.056236729,0.132812314,"he",120,124,1.193610868,116,1.283145822,0.113640289,"was",109,116,1.283145822,102,1.363514739,0.14659997,"unreliable",103,122,1.626289181,65,2.074878376,0.749410122,NA,NA,NA,NA,NA,NA,NA,NA,NA,NA,NA,NA,NA,NA,"male","unreliable",0.749410122,"H+!H*","H","Bi-tonal",0.790557564,1.009650381,0.132812314,1.933020259,0.387688705542946,122.875,-1.17329352815831,"H","0"
"16","P11-A-2-nc.wav","LH","B","N","aware","!H*","H-","L-L%","H+!H*","","","P11","nc","No","A2","No",0.268684571,115,123,0.141553288,110,0.216031724,0.268684571,"she",131,133,0.481553288,128,0.518493352,0.138433013,"was",120,129,0.518493352,114,0.601553288,0.134265346,"aware",107,115,0.652758697,104,0.934293121,0.281534424,"that",102,104,0.934293121,100,0.989913141,0.114462303,"he",108,113,1.081553288,102,1.150294932,0.101539507,"was",100,102,1.150294932,97,1.231553288,0.165326742,"unreliable",91,117,1.985014826,69,1.735866819,0.696403178,NA,NA,NA,NA,NA,NA,NA,NA,NA,NA,NA,NA,NA,NA,"male","unreliable",0.696403178,"H+!H*","H","Bi-tonal",0.822917354,0.963269427,0.114462303,1.900649084,0.366402816733739,109.25,-1.43041770824958,"H","0"
"17","P11-A-3-nc.wav","LH","B","N","aware","!H*","L-","L-L%","N","H*","!H*","P11","nc","No","A3","No",0.31045601,119,122,0.410124717,115,0.240124717,0.31045601,"she",127,127,0.640124717,125,0.668922426,0.210047511,"was",123,125,0.668922426,122,0.760124717,0.145889316,"aware",114,124,0.814811742,103,1.186501395,0.38874796,"that",108,109,1.262035381,104,1.203559701,0.138215953,"he",121,122,1.490729139,119,1.430124717,0.177436906,"had",110,120,1.51921256,101,1.664338352,0.281899143,"bad",109,111,1.930124717,106,1.830124717,0.165796708,"reviews",96,110,2.030360066,51,2.345124717,0.591345278,"",NA,NA,NA,NA,NA,NA,"male","reviews",0.591345278,"!H*","H","Mono-tonal",1.055140797,1.216478035,0.138215953,2.409834785,0.245388306983045,114.111111111111,-1.33868125255953,"H","0"
"18","P11-D-2-c.wav","LH","B","N","discovered","!H*","H-","L-L%","N","!H*","","P11","c","No","D2","No",0.381843566,116,128,0.350566893,109,0.200405871,0.381843566,"he",NA,NA,NA,NA,NA,0.022447087,"discovered",106,120,0.585566893,72,0.510566893,0.42613232,"that",102,105,0.932057515,100,0.990566893,0.129688641,"he's",110,111,1.235240449,108,1.122270682,0.173494293,"a",110,111,1.23595203,108,1.300566893,0.0663687,"father",85,108,1.301609149,59,1.695566893,0.414085476,"",NA,NA,NA,NA,NA,NA,NA,NA,NA,NA,NA,NA,NA,NA,NA,NA,NA,NA,NA,NA,"male","father",0.414085476,"!H*","H","Mono-tonal",0.830422973,0.653948469,0.129688641,1.614060083,0.256548984985957,NA,NA,"H","0"
"19","P11-D-2-nc.wav","LH","B","N","discovered","!H*","H-","L-H%","N","H+!H*","","P11","nc","No","D2","No",0.304768336,122,126,0.16223356,118,0.217730959,0.304768336,"he",142,143,0.44223356,140,0.460394204,0.030469642,"discovered",127,140,0.460394204,120,0.833852873,0.373458669,"that",117,120,0.833852873,115,0.892406282,0.087562541,"he's",120,122,0.956735414,118,1.045963681,0.185441881,"a",119,121,1.11223356,117,1.15223356,0.054286698,"father",108,114,1.62223356,104,1.433512702,0.488810118,"",NA,NA,NA,NA,NA,NA,NA,NA,NA,NA,NA,NA,NA,NA,NA,NA,NA,NA,NA,NA,"male","father",0.488810118,"H+!H*","H","Bi-tonal",0.708696647,0.728538697,0.087562541,1.524797885,0.320573711971013,122.142857142857,-1.18711016168878,"H","0"
"20","P11-K-2-c.wav","LH","B","N","knew","!H*","L-","L-H%","H+!H*","","","P11","c","No","K2","No",0.404525675,115,118,0.343583884,110,0.190510204,0.404525675,"he",127,127,0.540510204,125,0.562419152,0.044695398,"knew",116,125,0.562419152,109,0.7566562,0.194237048,"that",104,109,0.7566562,101,0.850510204,0.106658605,"she",87,101,0.870510204,70,1.045680984,0.182366178,"was",103,106,1.130510204,99,1.048105832,0.150905424,"married",91,105,1.240510204,79,1.430510204,0.479613409,"",NA,NA,NA,NA,NA,NA,NA,NA,NA,NA,NA,NA,NA,NA,NA,NA,NA,NA,NA,NA,"male","married",0.479613409,"H+!H*","H","Bi-tonal",0.643458121,0.812885011,0.106658605,1.563001737,0.306854047341343,106.142857142857,-1.48905415298862,"H","0"
"21","P11-K-2-nc.wav","LH","B","N","knew","!H*","H-","L-L%","!H*","","","P11","nc","No","K2","No",0.320235457,113,115,0.188026021,112,0.280341858,0.320235457,"he",113,115,0.420918367,110,0.447128073,0.044465181,"knew",104,110,0.447128073,99,0.63320098,0.186072907,"that",94,99,0.63320098,89,0.690918367,0.092038832,"she",102,103,0.890918367,99,0.926447481,0.201207668,"was",94,99,0.926447481,88,1.010918367,0.151457805,"married",68,106,1.110918367,54,1.376755875,0.424081855,"",NA,NA,NA,NA,NA,NA,NA,NA,NA,NA,NA,NA,NA,NA,NA,NA,NA,NA,NA,NA,"male","married",0.424081855,"!H*","H","Mono-tonal",0.550773545,0.776747328,0.092038832,1.419559705,0.298741823613541,98.2857142857143,-1.63733022014478,"H","0"
"22","P11-K-3-c.wav","LH","B","N","knew","!H*","L-H%","L-L%","L*","","","P11","c","No","K3","No",0.295295261,123,128,0.35466376,110,0.174705215,0.295295261,"she",131,139,0.584705215,124,0.655675442,0.249936428,"knew",113,124,0.655675442,107,0.909363134,0.360948681,"that",93,114,1.459158082,73,1.354705215,0.137950556,"he",109,112,1.474705215,106,1.538725978,0.079567897,"was",105,106,1.538725978,104,1.574373677,0.194166574,"wrong",67,71,1.785651553,63,1.864705215,0.387649462,"",NA,NA,NA,NA,NA,NA,NA,NA,NA,NA,NA,NA,NA,NA,NA,NA,NA,NA,NA,NA,"male","wrong",0.387649462,"L*","L","Mono-tonal",0.90618037,0.661383933,0.137950556,1.705514859,0.227291752959157,105.857142857143,-1.49444600997611,"H","0"
"23","P11-K-3-nc.wav","LH","B","N","knew","!H*","H-","L-L%","H*","","","P11","nc","No","K3","No",0.261572363,115,122,0.316899752,108,0.201088305,0.261572363,"she",122,124,0.523718821,119,0.566364109,0.176867969,"knew",114,119,0.566364109,109,0.749770778,0.183406669,"that",102,109,0.749770778,98,0.833718821,0.126133547,"he",100,101,0.899402485,99,0.947622466,0.0781454,"was",102,104,1.051322057,99,0.954049724,0.181816872,"wrong",93,108,1.135866596,81,1.373718821,0.405799782,"",NA,NA,NA,NA,NA,NA,NA,NA,NA,NA,NA,NA,NA,NA,NA,NA,NA,NA,NA,NA,"male","wrong",0.405799782,"H*","H","Mono-tonal",0.621847001,0.665762054,0.126133547,1.413742602,0.287039367297782,106.857142857143,-1.47557451051987,"H","1"
"24","P12-A-1-c.wav","LH","B","N","aware","L+!H*","L-","L-L%","N","H*","!H*","P12","c","No","A1","No",0.269565356,161,176,0.423968254,144,0.253968254,0.269565356,"she",177,182,0.623968254,169,0.665164318,0.198627104,"was",159,169,0.665164318,149,0.773968254,0.184701177,"aware",150,165,1.006316096,136,1.195382236,0.34903587,"that",138,140,1.273968254,136,1.198901365,0.136172719,"he",162,167,1.383968254,153,1.447220904,0.11214682,"was",143,153,1.447220904,136,1.543968254,0.150979939,"a",136,138,1.598200843,135,1.633968254,0.049232589,"terrible",136,145,1.763968254,131,2.057705003,0.410271572,"administrator",125,136,2.177610004,81,2.664593254,0.748335348,"male","administrator",0.748335348,"!H*","H","Mono-tonal",1.001929507,1.470966268,0.136172719,2.609068494,0.286820890183959,148.7,-0.685937054700918,"H","0"
"25","P12-A-1-nc.wav","LH","B","N","aware","!H*","L-","L-H%","N","H*","H*","P12","nc","No","A1","No",0.271942561,154,160,0.364306515,145,0.23830533,0.271942561,"she",164,168,0.594058957,159,0.634521953,0.200819122,"was",154,159,0.634521953,147,0.734058957,0.16351652,"aware",147,154,0.9990115,139,1.138752558,0.340714085,"that",141,142,1.181081365,138,1.224058957,0.122814266,"he",151,156,1.331313679,143,1.274058957,0.114288599,"was",141,148,1.375855424,134,1.484058957,0.169816917,"a",136,138,1.554058957,135,1.584058957,0.044857299,"terrible",135,138,1.749306527,130,2.002443452,0.411913812,"administrator",130,139,2.424058957,123,2.614153008,0.702024712,"male","administrator",0.702024712,"H*","H","Mono-tonal",0.976992288,1.442901339,0.122814266,2.542707893,0.276093338889871,145.3,-0.750100152852133,"H","1"
"26","P12-A-2-c.wav","LH","B","N","aware","L*","H-","L-L%","H*","","","P12","c","No","A2","No",0.246324314,165,185,0.314693878,151,0.188865208,0.246324314,"she",155,158,0.484693878,151,0.512263418,0.159841369,"was",147,151,0.512263418,142,0.604693878,0.163761162,"aware",146,156,0.899121165,137,0.724197922,0.264425173,"that",144,150,0.940449752,140,1.009476306,0.118156115,"he",146,147,1.07958817,145,1.14897396,0.090368092,"was",141,145,1.14897396,136,1.244693878,0.154031694,"unreliable",136,156,1.944136325,108,1.804693878,0.710898045,NA,NA,NA,NA,NA,NA,NA,NA,NA,NA,NA,NA,NA,NA,"male","unreliable",0.710898045,"H*","H","Mono-tonal",0.834352018,0.955297831,0.118156115,1.907805964,0.372625968476111,147.5,-0.708582854048406,"L","1"
"27","P12-A-2-nc.wav","LH","B","N","aware","!H*","L-","L-L%","H*","","","P12","nc","No","A2","No",0.251744383,167,175,0.347027973,150,0.211303855,0.251744383,"she",173,181,0.531303855,162,0.573114343,0.169491268,"was",149,161,0.573114343,140,0.681303855,0.156661162,"aware",143,150,0.854137392,134,1.00182755,0.272052045,"that",136,137,1.053079821,134,1.00182755,0.139909293,"he",149,152,1.201303855,143,1.251079414,0.109342571,"was",138,143,1.251079414,135,1.341401396,0.149551119,"unreliable",131,150,2.101303855,86,2.007891226,0.752740631,NA,NA,NA,NA,NA,NA,NA,NA,NA,NA,NA,NA,NA,NA,"male","unreliable",0.752740631,"H*","H","Mono-tonal",0.849948858,1.011634321,0.139909293,2.001492472,0.376089663853604,148.25,-0.694429229456226,"H","1"
"28","P12-A-3-nc.wav","LH","B","N","aware","!H*","L-","L-L%","N","N","H*","P12","nc","No","A3","No",0.296628376,163,169,0.321724689,153,0.220446797,0.296628376,"she",165,171,0.562879819,158,0.602197984,0.186576132,"was",147,158,0.602197984,139,0.702879819,0.163136997,"aware",143,155,0.899024167,130,1.072731056,0.318600355,"that",134,138,1.172879819,130,1.083935336,0.130979618,"he",153,164,1.262879819,141,1.350037436,0.135122482,"had",137,141,1.350037436,136,1.434580647,0.180377934,"bad",130,135,1.542879819,128,1.638663464,0.193720105,"reviews",124,146,1.885257906,95,2.062879819,0.562771962,"",NA,NA,NA,NA,NA,NA,"male","reviews",0.562771962,"H*","H","Mono-tonal",0.96494186,1.071992483,0.130979618,2.167913961,0.259591465401334,144,-0.774633102145246,"H","1"
"29","P12-D-2-c.wav","LH","B","N","discovered","!H*","L-","L-L%","N","H*","","P12","c","No","D2","No",0.356105289,178,194,0.499444167,158,0.215145686,0.356105289,"he",179,194,0.501088435,162,0.543831228,0.044387062,"discovered",153,174,0.751088435,143,0.981088435,0.437883867,"that",140,143,0.981715095,139,1.027713,0.095802337,"he's",144,153,1.111088435,135,1.243053578,0.165536146,"a",133,135,1.243053578,132,1.278205761,0.035152183,"father",138,157,1.401470857,111,1.651088435,0.413282607,"",NA,NA,NA,NA,NA,NA,NA,NA,NA,NA,NA,NA,NA,NA,NA,NA,NA,NA,NA,NA,"male","father",0.413282607,"H*","H","Mono-tonal",0.838376218,0.613970936,0.095802337,1.548149491,0.266952648566934,152.142857142857,-0.62096517800158,"H","1"
"30","P12-D-2-nc.wav","LH","B","N","discovered","H*","L-","L-H%","N","H*","","P12","nc","No","D2","No",0.365076725,149,156,0.297178768,139,0.167150229,0.365076725,"he",161,179,0.472460317,145,0.505610604,0.062301347,"discovered",144,169,0.712460317,131,0.954532632,0.475259911,"that",135,136,1.022460317,133,0.980870515,0.102329474,"he's",142,155,1.112460317,133,1.232460317,0.195164648,"a",131,134,1.278364638,130,1.312460317,0.043271872,"father",140,154,1.4804728,119,1.672460317,0.483058485,"",NA,NA,NA,NA,NA,NA,NA,NA,NA,NA,NA,NA,NA,NA,NA,NA,NA,NA,NA,NA,"male","father",0.483058485,"H*","H","Mono-tonal",0.902637983,0.721495005,0.102329474,1.726462462,0.2797966915773,143.142857142857,-0.79080867310774,"H","1"
"31","P12-K-2-nc.wav","LH","B","N","knew","!H*","H-","L-H%","!H*","","","P12","nc","No","K2","No",0.355225314,175,194,0.291946217,150,0.17409259,0.355225314,"he",158,163,0.473027211,155,0.52917138,0.070077312,"knew",159,163,0.634681881,151,0.692546444,0.163375064,"that",137,151,0.692546444,131,0.768199004,0.097061514,"she",148,153,0.903027211,140,0.954690672,0.165082714,"was",133,140,0.954690672,127,1.053027211,0.162059902,"married",106,151,1.143027211,52,1.389854069,0.461728553,"",NA,NA,NA,NA,NA,NA,NA,NA,NA,NA,NA,NA,NA,NA,NA,NA,NA,NA,NA,NA,"male","married",0.461728553,"!H*","H","Mono-tonal",0.58867769,0.788871169,0.097061514,1.474610373,0.313119018728075,145.142857142857,-0.75306567419526,"H","0"
"32","P12-K-3-c.wav","LH","B","N","knew","!H*","H-","L-L%","H*","","","P12","c","No","K3","No",0.263098002,167,180,0.332346939,156,0.208986667,0.263098002,"she",144,149,0.522346939,140,0.562675902,0.18458129,"knew",139,140,0.667053043,137,0.710300331,0.147624429,"that",136,138,0.782346939,135,0.740956138,0.095344448,"he",147,151,0.854084761,138,0.926301123,0.120656344,"was",133,138,0.926301123,129,1.032346939,0.208307915,"wrong",106,147,1.139967579,54,1.352429,0.369107008,"",NA,NA,NA,NA,NA,NA,NA,NA,NA,NA,NA,NA,NA,NA,NA,NA,NA,NA,NA,NA,"male","wrong",0.369107008,"H*","H","Mono-tonal",0.595303721,0.698071267,0.095344448,1.388719436,0.26578947369179,138.857142857143,-0.871686527920191,"H","1"
"33","P12-K-3-nc.wav","H*","B","N","knew","L+H*","L-","L-H%","H*","","","P12","nc","No","K3","No",0.274737489,152,155,0.326531408,150,0.392596372,0.274737489,"she",141,144,0.612596372,137,0.653903567,0.211178816,"knew",147,161,0.787222561,132,0.922953792,0.269050225,"that",135,138,1.012596372,132,0.922953792,0.135235202,"he",140,152,1.092596372,129,1.178775188,0.120586194,"was",128,129,1.282596372,127,1.195341029,0.197897023,"wrong",96,145,1.389626306,52,1.596695834,0.351577955,"",NA,NA,NA,NA,NA,NA,NA,NA,NA,NA,NA,NA,NA,NA,NA,NA,NA,NA,NA,NA,"male","wrong",0.351577955,"H*","H","Mono-tonal",0.75496653,0.670061172,0.135235202,1.560262904,0.225332509091045,134.142857142857,-0.960652168213899,"H","1"
"34","P12-N-2-c.wav","LH","B","N","noticed","!H*","L-","L-L%","N","N","H*","P12","c","No","N2","No",0.271628507,158,167,0.312201302,145,0.184409358,0.271628507,"she",149,153,0.522834467,146,0.556470234,0.173673078,"noticed",146,154,0.675188557,135,0.822834467,0.39781659,"that",134,146,1.049418784,133,0.962834467,0.095131959,"he",149,150,1.115411932,146,1.052834467,0.119838372,"had",137,148,1.169257156,131,1.332834467,0.209126111,"bad",126,128,1.552834467,126,1.473461683,0.255663096,"breath",179,216,1.780448571,138,1.670864557,0.393340278,"",NA,NA,NA,NA,NA,NA,"",NA,NA,NA,NA,NA,NA,"male","breath",0.393340278,"H*","H","Mono-tonal",0.843118175,0.977967857,0.095131959,1.916217991,0.205269066383586,147.25,-0.713300728912466,"H","1"
"35","P12-N-2-nc.wav","LH","B","N","noticed","!H*","L-","L-L%","N","N","!H*","P12","nc","No","N2","No",0.349823226,162,174,0.378803855,149,0.227497843,0.349823226,"she",160,166,0.591303855,154,0.641606896,0.14729399,"noticed",149,154,0.766566333,134,0.891303855,0.407688722,"that",133,136,1.111303855,130,1.061303855,0.099537516,"he",149,151,1.220307783,146,1.171303855,0.134604775,"had",139,147,1.28343791,134,1.481303855,0.290911867,"bad",135,136,1.736152921,134,1.684023775,0.282432536,"breath",177,217,2.032586071,135,1.906624394,0.393307629,"",NA,NA,NA,NA,NA,NA,"",NA,NA,NA,NA,NA,NA,"male","breath",0.393307629,"!H*","H","Mono-tonal",0.904805938,1.101256807,0.099537516,2.105600261,0.186791214023316,150.5,-0.651968355679686,"H","0"
"36","P13-A-1-nc.wav","LH","B","N","aware","L+H*","H-","L-L%","N","L+H*","!H*","P13","nc","No","A1","No",0.289318045,120,189,0.373310658,87,0.193310658,0.289318045,"she",110,119,0.513310658,104,0.563163368,0.169678035,"was",102,105,0.611817789,97,0.700661086,0.137497718,"aware",98,104,0.924195291,91,0.77251859,0.266218985,"that",96,100,0.966880072,94,1.036657252,0.140974116,"he",103,107,1.123310658,98,1.192139119,0.084284931,"was",98,99,1.23592753,96,1.273310658,0.140186021,"a",83,84,1.353310658,82,1.363310658,0.052917107,"terrible",91,97,1.624179396,81,1.523310658,0.403830826,"administrator",80,91,1.789073072,59,2.195810658,0.737089629,"male","administrator",0.737089629,"!H*","H","Mono-tonal",0.862712783,1.418308514,0.140974116,2.421995413,0.304331554487548,98.1,-1.64083492718666,"H","0"
"37","P13-A-3-nc.wav","LH","B","N","aware","!H*","H-","L-L%","N","N","H*","P13","nc","No","A3","No",0.284679724,109,122,0.363537415,90,0.163537415,0.284679724,"she",100,101,0.563537415,99,0.594177967,0.193268803,"was",97,99,0.594177967,92,0.713537415,0.13787303,"aware",89,93,0.749562825,84,1.050689454,0.318638457,"that",84,84,1.112030962,83,1.070611833,0.109264937,"he",92,93,1.258903836,91,1.289374996,0.129420605,"had",84,91,1.289374996,81,1.371031853,0.169289106,"bad",79,82,1.473537415,77,1.573537415,0.151480954,"reviews",61,68,1.811532129,54,1.969787415,0.530183339,"",NA,NA,NA,NA,NA,NA,"male","reviews",0.530183339,"H*","H","Mono-tonal",0.934460014,0.980374004,0.109264937,2.024098955,0.261935483781721,88.3333333333333,-1.82514657187593,"H","1"
"38","P13-D-2-nc.wav","LH","B","N","discovered","!H*","B","L-L%","N","L+H*","","P13","nc","No","D2","No",0.38643194,103,114,0.341025014,80,0.185782313,0.38643194,"he",110,111,0.480782313,107,0.526518685,0.050236152,"discovered",102,107,0.526518685,97,0.779076401,0.376771142,"that",98,101,0.903289826,96,0.963005848,0.072819789,"he's",101,104,1.028395794,97,0.976109616,0.113461433,"a",NA,NA,NA,NA,NA,0.031144296,"father",87,106,1.336607319,61,1.48458633,0.476219814,"",NA,NA,NA,NA,NA,NA,NA,NA,NA,NA,NA,NA,NA,NA,NA,NA,NA,NA,NA,NA,"male","father",0.476219814,"L+H*","H","Bi-tonal",0.813439234,0.620825543,0.072819789,1.507084566,0.315987453354359,NA,NA,"H","1"
"39","P13-K-2-nc.wav","LH","B","N","knew","!H*","B","L-L%","!H*","","","P13","nc","No","K2","No",0.402584436,135,145,0.338723169,116,0.206822439,0.402584436,"he",132,134,0.532879819,130,0.555844065,0.04797151,"knew",116,130,0.555844065,103,0.680946238,0.125102173,"that",93,103,0.680946238,83,0.752879819,0.090299313,"she",84,84,0.892879819,84,0.904292781,0.13304723,"was",82,84,0.904292781,80,0.967759596,0.13468563,"married",64,89,1.052879819,53,1.223152629,0.422583392,"",NA,NA,NA,NA,NA,NA,NA,NA,NA,NA,NA,NA,NA,NA,NA,NA,NA,NA,NA,NA,"male","married",0.422583392,"!H*","H","Mono-tonal",0.575658119,0.690316252,0.090299313,1.356273684,0.31157678349527,100.857142857143,-1.58880350725731,"H","0"
"40","P13-K-3-c.wav","LH","B","N","knew","!H*","B","L-L%","L*","","","P13","c","No","K3","No",0.255989363,115,127,0.163894558,108,0.300174464,0.255989363,"she",96,97,0.501394558,95,0.532364404,0.179355604,"knew",87,95,0.532364404,80,0.66471059,0.16305055,"that",81,83,0.706573101,80,0.751394558,0.096199824,"he",NA,NA,NA,NA,NA,0.091308308,"was",63,67,0.906394558,57,0.882923085,0.169572572,"wrong",85,108,1.054519558,55,1.18460094,0.301643517,"",NA,NA,NA,NA,NA,NA,NA,NA,NA,NA,NA,NA,NA,NA,NA,NA,NA,NA,NA,NA,"male","wrong",0.301643517,"L*","L","Mono-tonal",0.598395517,0.562524397,0.096199824,1.257119738,0.239948119404995,NA,NA,"H","0"
"41","P13-K-3-nc.wav","LH","B","N","knew","!H*","H-","L-L%","H*","","","P13","nc","No","K3","No",0.385835478,102,120,0.367031043,76,0.165283447,0.385835478,"she",92,94,0.673657327,86,0.630283447,0.243572117,"knew",88,93,0.695156275,82,0.907652249,0.230639084,"that",87,88,0.958524017,84,0.925795359,0.089371496,"he",90,91,1.081434961,86,1.129603913,0.114437058,"was",81,86,1.129603913,78,1.208803534,0.173774791,"wrong",61,86,1.303378704,47,1.511266528,0.372532556,"",NA,NA,NA,NA,NA,NA,NA,NA,NA,NA,NA,NA,NA,NA,NA,NA,NA,NA,NA,NA,"male","wrong",0.372532556,"H*","H","Mono-tonal",0.860046679,0.660744405,0.089371496,1.61016258,0.231363317361406,85.8571428571429,-1.87187599910091,"H","1"
"42","P13-N-2-nc.wav","LH","B","N","noticed","!H*","H-","L-L%","N","N","L*","P13","nc","No","N2","No",0.280903893,111,122,0.342426304,100,0.204101041,0.280903893,"she",110,111,0.532426304,108,0.552977707,0.175007419,"noticed",101,108,0.552977707,94,0.762426304,0.359395109,"that",85,86,0.932426304,84,0.964449253,0.081044624,"he",87,88,1.062426304,86,0.99341744,0.095972763,"had",88,102,1.262426304,82,1.196622177,0.240912795,"bad",75,76,1.354926304,73,1.454926304,0.232701659,"breath",60,93,1.579926,44,1.711176,0.321017912,"",NA,NA,NA,NA,NA,NA,"",NA,NA,NA,NA,NA,NA,"male","breath",0.321017912,"L*","L","Mono-tonal",0.815306421,0.890605129,0.081044624,1.786956174,0.179645095201982,89.625,-1.80077088507829,"H","0"
"43","P14-A-1-c.wav","LH","B","N","aware","L*","L-","L-L%","N","L+H*","!H*","P14","c","No","A1","No",0.345316459,279,349,0.490417443,226,0.30496269,0.345316459,"she",239,253,0.678475057,227,0.738774132,0.207264954,"was",218,227,0.738774132,207,0.876882195,0.138108063,"aware",203,208,1.104093981,196,1.181505024,0.304622829,"that",187,196,1.181505024,184,1.245039825,0.144737301,"he",207,214,1.428475057,199,1.477775935,0.15153361,"was",192,199,1.477775935,184,1.644208738,0.166432803,"a",184,185,1.683475057,184,1.662007575,0.064449147,"terrible",214,243,1.927970457,182,2.166830919,0.458173034,"administrator",182,207,2.386749656,NA,NA,0.704524561,"female","administrator",0.704524561,"!H*","H","Mono-tonal",0.995312305,1.545113155,0.144737301,2.685162761,0.262376855225574,210.5,0.480321611694709,"L","0"
"44","P14-A-1-nc.wav","LH","B","N","aware","L*","H-","L-H%","N","L+H*","!H*","P14","nc","No","A1","No",0.308590831,252,287,0.370388322,236,0.253539356,0.308590831,"she",260,268,0.595388322,249,0.634849592,0.145909746,"was",228,249,0.634849592,210,0.786391233,0.151541641,"aware",214,234,1.03290992,199,0.86782892,0.294157844,"that",204,219,1.080549077,192,1.180388322,0.142213716,"he",200,203,1.315388322,195,1.370964455,0.148201662,"was",192,195,1.370964455,187,1.493995011,0.123030556,"a",185,187,1.493995011,184,1.521728293,0.057584559,"terrible",203,233,1.708350787,178,2.003522216,0.451942646,"administrator",175,204,2.198988448,104,2.68763941,0.751292395,"female","administrator",0.751292395,"!H*","H","Mono-tonal",0.900200062,1.532051818,0.142213716,2.574465596,0.291824600867574,211.3,0.495418811259701,"L","0"
"45","P14-A-2-c.wav","LH","B","N","aware","L*","H-","L-L%","H*","","","P14","c","No","A2","No",0.289083033,292,349,0.418560974,240,0.268429709,0.289083033,"she",254,263,0.595331633,245,0.645706863,0.179700264,"was",233,245,0.645706863,215,0.777148206,0.131441343,"aware",212,226,1.024690232,200,0.86972429,0.298963971,"that",193,209,1.076112177,184,1.142831633,0.11252881,"he",207,214,1.307831633,200,1.402520248,0.213879261,"was",192,200,1.402520248,181,1.495331633,0.15113965,"unreliable",188,200,1.684130505,154,1.607831633,0.756227671,NA,NA,NA,NA,NA,NA,NA,NA,NA,NA,NA,NA,NA,NA,"female","unreliable",0.756227671,"H*","H","Mono-tonal",0.899188611,1.121246582,0.11252881,2.132964003,0.354543100556958,221.375,0.685549168281318,"L","1"
"46","P14-A-3-c.wav","LH","B","N","aware","L*","H-","L-H%","N","H*","H*","P14","c","No","A3","No",0.286769287,290,347,0.481522109,261,0.331022264,0.286769287,"she",299,308,0.631522109,288,0.677927403,0.177723686,"was",261,288,0.677927403,224,0.823289017,0.145361614,"aware",210,224,0.826522109,201,1.01285088,0.304544952,"that",206,218,1.127833968,192,1.261522109,0.141073527,"he",209,213,1.359022109,203,1.432805853,0.163898358,"had",194,203,1.432805853,183,1.629022109,0.288596301,"bad",191,195,1.858203808,178,1.934257647,0.212855493,"reviews",167,192,2.161508268,97,2.380272109,0.602411539,"",NA,NA,NA,NA,NA,NA,"female","reviews",0.602411539,"H*","H","Mono-tonal",0.914399539,1.267761691,0.141073527,2.323234757,0.25929860819485,225.222222222222,0.758152020356014,"L","1"
"47","P14-A-3-nc.wav","LH","B","N","aware","L+H*","L-","L-L%","N","H*","H*","P14","nc","No","A3","No",0.337562677,272,350,0.406887755,235,0.220130924,0.337562677,"she",248,269,0.556887755,232,0.614712909,0.123163645,"was",224,232,0.614712909,210,0.730919825,0.116206916,"aware",204,215,0.958006481,194,1.056766281,0.342725709,"that",178,197,1.087141855,154,1.171887755,0.147558857,"he",205,208,1.366887755,201,1.421932084,0.200727693,"had",191,201,1.421932084,185,1.539387755,0.15054577,"bad",189,195,1.590027156,177,1.747712319,0.175234466,"reviews",161,189,1.941886025,74,2.108088523,0.543285232,"",NA,NA,NA,NA,NA,NA,"female","reviews",0.543285232,"H*","H","Mono-tonal",0.919658947,1.069793161,0.147558857,2.137010965,0.254226693684747,208,0.433142863054109,"H","1"
"48","P14-D-2-c.wav","LH","B","N","discovered","L*","L-","L-H%","N","H*","","P14","c","No","D2","No",0.421894839,254,316,0.482644558,215,0.287644558,0.421894839,"he",234,252,0.625444556,217,0.669642236,0.044197681,"discovered",203,217,0.669642236,195,1.125618576,0.498674217,"that",NA,NA,NA,NA,NA,0.063186844,"he's",183,192,1.292644558,178,1.359982079,0.159055725,"a",184,187,1.435144558,180,1.390559022,0.05071342,"father",211,238,1.606927385,161,1.757644558,0.488112898,"",NA,NA,NA,NA,NA,NA,NA,NA,NA,NA,NA,NA,NA,NA,NA,NA,NA,NA,NA,NA,"female","father",0.488112898,"H*","H","Mono-tonal",0.964766737,0.697882043,0.063186844,1.725835624,0.282826991871156,NA,NA,"L","1"
"49","P14-D-2-nc.wav","LH","B","N","discovered","!H*","L-","L-H%","N","H*","","P14","nc","No","D2","No",0.42063218,260,282,0.377914,234,0.265414,0.42063218,"he",277,298,0.565503596,254,0.617856655,0.052353059,"discovered",230,252,0.617856655,205,1.070910593,0.490215621,"that",196,214,1.108072276,194,1.187913832,0.08457987,"he's",193,199,1.256636158,185,1.338845044,0.161455117,"a",187,188,1.397900853,186,1.354107263,0.043793591,"father",187,213,1.533534938,139,1.772597549,0.487199272,"",NA,NA,NA,NA,NA,NA,NA,NA,NA,NA,NA,NA,NA,NA,NA,NA,NA,NA,NA,NA,"female","father",0.487199272,"H*","H","Mono-tonal",0.96320086,0.69244798,0.08457987,1.74022871,0.2799627825931,218.571428571429,0.63264157159151,"H","1"
"50","P14-K-2-c.wav","LH","B","N","knew","!H*","H-","L-H%","H*","","","P14","c","No","K2","No",0.466243522,274,328,0.497546705,236,0.333020162,0.466243522,"he",239,255,0.676879252,227,0.739503264,0.072768404,"knew",229,236,0.863061652,224,0.770790218,0.172915545,"that",179,220,0.912418809,143,0.983129252,0.086294239,"she",213,234,1.126879252,200,1.186403017,0.187689969,"was",190,200,1.186403017,181,1.324964149,0.147468321,"married",160,192,1.422384993,103,1.726879252,0.423376479,"",NA,NA,NA,NA,NA,NA,NA,NA,NA,NA,NA,NA,NA,NA,NA,NA,NA,NA,NA,NA,"female","married",0.423376479,"H*","H","Mono-tonal",0.711927471,0.758534769,0.086294239,1.556756479,0.271960633992004,212,0.508628860879068,"H","1"
"51","P14-K-2-nc.wav","LH","B","N","knew","!H*","L-","L-H%","H*","","","P14","nc","No","K2","No",0.431924915,270,336,0.407403628,222,0.222331199,0.431924915,"he",232,243,0.572403628,224,0.636119364,0.069061508,"knew",222,230,0.745822574,195,0.841789102,0.205669739,"that",188,195,0.841789102,184,0.872403628,0.085946823,"she",205,209,1.074903628,199,1.119727485,0.19199156,"was",189,199,1.119727485,183,1.217403628,0.162842578,"married",175,216,1.393868849,95,1.58599311,0.48397532,"",NA,NA,NA,NA,NA,NA,NA,NA,NA,NA,NA,NA,NA,NA,NA,NA,NA,NA,NA,NA,"female","married",0.48397532,"H*","H","Mono-tonal",0.706656162,0.838809458,0.085946823,1.631412443,0.296660309339077,211.571428571429,0.500541075397831,"H","1"
"52","P14-K-3-c.wav","LH","B","N","knew","!H*","L-","L-L%","L+H*","","","P14","c","No","K3","No",0.345614461,247,294,0.408713152,210,0.238086348,0.345614461,"she",299,312,0.596213152,279,0.672539358,0.191896178,"knew",227,279,0.672539358,200,0.862728171,0.190188813,"that",198,201,0.963713152,196,0.895026107,0.101408792,"he",194,202,1.038713152,187,1.106224664,0.1420877,"was",192,225,1.256827613,187,1.106224664,0.15060295,"wrong",201,270,1.336426036,95,1.571372322,0.359130111,"",NA,NA,NA,NA,NA,NA,NA,NA,NA,NA,NA,NA,NA,NA,NA,NA,NA,NA,NA,NA,"female","wrong",0.359130111,"L+H*","H","Bi-tonal",0.727699452,0.651820761,0.101408792,1.480929005,0.242503259634651,222.571428571429,0.70812756941647,"H","1"
"53","P14-K-3-nc.wav","LH","B","N","knew","!H*","H-","L-H%","L+H*","","","P14","nc","No","K3","No",0.359809745,291,355,0.386558973,243,0.195334878,0.359809745,"she",236,250,0.600456349,227,0.66687359,0.171460009,"knew",243,259,0.796237435,227,0.677879119,0.173341176,"that",211,237,0.840214766,195,0.907956349,0.096152698,"he",210,214,1.020456349,205,1.063503367,0.127135903,"was",192,205,1.063503367,187,1.161036825,0.162844373,"wrong",201,232,1.315533753,179,1.447454121,0.377787783,"",NA,NA,NA,NA,NA,NA,NA,NA,NA,NA,NA,NA,NA,NA,NA,NA,NA,NA,NA,NA,"female","wrong",0.377787783,"L+H*","H","Bi-tonal",0.70461093,0.667768059,0.096152698,1.468531687,0.257255452057535,226.285714285714,0.778221710253919,"H","1"
"54","P14-N-2-nc.wav","LH","B","N","noticed","L*","H-","L-H%","N","H*","!H*","P14","nc","No","N2","No",0.339953319,308,415,0.413744616,238,0.244176972,0.339953319,"she",247,257,0.585314626,237,0.619988185,0.12284254,"noticed",212,237,0.619988185,202,0.786182242,0.37232498,"that",192,196,1.005314626,190,1.039209476,0.074134769,"he",218,225,1.155314626,195,1.066447934,0.140143786,"had",201,219,1.20659172,184,1.305314626,0.155120042,"bad",204,214,1.446829523,182,1.567814626,0.266897719,"breath",187,197,1.670848593,168,1.761564626,0.369092448,"",NA,NA,NA,NA,NA,NA,"",NA,NA,NA,NA,NA,NA,"female","breath",0.369092448,"!H*","H","Mono-tonal",0.835120839,0.931253995,0.074134769,1.840509603,0.200538181055065,221.125,0.680831293417258,"L","0"
"55","P3-A-1-c.wav","LH","B","N","aware","!H*","L-H%","L-L%","N","L+H*","!H*","P3","c","No","A1","No",0.294451416,236,281,0.382878783,166,0.30302926,0.294451416,"she",156,165,0.491201814,148,0.527274141,0.113713327,"was",152,229,0.673936217,128,0.595313234,0.146662076,"aware",219,234,0.68835819,213,0.829732018,0.388451166,"that",224,230,1.166201814,215,1.231446592,0.169059209,"he",219,224,1.31899609,213,1.249012979,0.138666542,"was",217,219,1.370113134,216,1.528915249,0.158802115,"a",212,216,1.528915249,209,1.586201814,0.063668651,"terrible",227,245,1.751201814,205,2.062519184,0.469935284,"administrator",180,205,2.062519184,94,2.581201814,0.767055656,"female","administrator",0.767055656,"!H*","H","Mono-tonal",0.943277985,1.598128248,0.169059209,2.710465442,0.282997762714143,204.2,0.361431165120397,"H","0"
"56","P3-A-1-nc.wav","LH","B","N","aware","L*","L-","L-L%","N","H*","!H*","P3","nc","No","A1","No",0.269247672,236,300,0.159353741,135,0.326191167,0.269247672,"she",273,299,0.504353741,231,0.534460877,0.138845489,"was",164,167,0.581359315,161,0.641114686,0.162299119,"aware",272,340,0.724881719,228,0.959586388,0.262826391,"that",234,237,1.099102097,228,0.966779698,0.139515709,"he",237,239,1.130809386,231,1.20228559,0.103183493,"was",227,231,1.20228559,223,1.295965783,0.136817075,"a",225,228,1.343509771,218,1.389241123,0.050138458,"terrible",245,256,1.664039994,216,1.404353741,0.444706324,"administrator",147,244,1.833947447,44,2.461723009,0.777466174,"female","administrator",0.777466174,"!H*","H","Mono-tonal",0.833218671,1.512311524,0.139515709,2.485045904,0.312857872262467,226,0.772829853266427,"L","0"
"57","P3-A-2-c.wav","LH","B","N","aware","!H*","B","L-L%","!H*","","","P3","c","No","A2","No",0.254075773,268,282,0.351587302,257,0.27499023,0.254075773,"she",300,335,0.531587302,242,0.571640213,0.1417396,"was",235,319,0.690007858,182,0.609380045,0.118367645,"aware",261,321,0.698465412,215,0.920467068,0.230459209,"that",112,116,1.010085464,108,0.945636848,0.133550788,"he",110,112,1.155964305,108,1.075108249,0.101946449,"was",171,214,1.261504962,112,1.155964305,0.155533685,"unreliable",152,223,1.471587302,88,2.041587302,0.794268393,NA,NA,NA,NA,NA,NA,NA,NA,NA,NA,NA,NA,NA,NA,"female","unreliable",0.794268393,"!H*","H","Mono-tonal",0.744642227,1.051748527,0.133550788,1.929941542,0.411550492963066,201.125,0.303401304292459,"H","0"
"58","P3-A-2-nc.wav","LH","B","N","aware","L*","L-","L-L%","H*","","","P3","nc","No","A2","No",0.260475371,286,299,0.522165533,277,0.425149481,0.260475371,"she",356,360,0.712165533,354,0.767273539,0.162270247,"was",337,354,0.767273539,315,0.879326594,0.112053055,"aware",249,315,0.879326594,229,1.149272591,0.269945997,"that",183,229,1.149272591,117,1.274282665,0.125010073,"he",117,123,1.391475362,112,1.299200744,0.117192698,"was",119,124,1.401962083,115,1.498200383,0.17242144,"unreliable",171,249,1.563896803,61,2.322535939,0.856159303,NA,NA,NA,NA,NA,NA,NA,NA,NA,NA,NA,NA,NA,NA,"female","unreliable",0.856159303,"H*","H","Mono-tonal",0.80474467,1.145773441,0.125010073,2.075528184,0.412501892096687,227.25,0.796419227586727,"L","1"
"59","P3-A-3-nc.wav","LH","B","N","aware","!H*","H-","L-L%","N","N","L*","P3","nc","No","A3","No",0.303979127,282,302,0.182636054,273,0.347636054,0.303979127,"she",290,312,0.572636054,252,0.605508435,0.145264362,"was",169,252,0.605508435,148,0.693024372,0.189202348,"aware",270,338,0.823597533,222,1.08197788,0.287267098,"that",205,221,1.08197788,173,1.186578007,0.138439652,"he",230,234,1.306298724,206,1.220417532,0.178977148,"had",220,230,1.39939468,213,1.504292706,0.190908958,"bad",211,218,1.615136054,206,1.755352949,0.182954418,"reviews",147,211,1.882603071,65,2.222636054,0.63371168,"",NA,NA,NA,NA,NA,NA,"female","reviews",0.63371168,"L*","L","Mono-tonal",0.925712935,1.186552204,0.138439652,2.250704791,0.281561439125226,224.888888888889,0.751861520537274,"H","0"
"60","P3-D-2-c.wav","LH","B","N","discovered","!H*","B","L-H%","N","H*","","P3","c","No","D2","No",0.344732395,216,259,0.298613,112,0.343383,0.344732,"he",239,259,0.503390023,197,0.555863458,0.078529125,"discovered",222,228,0.909874375,218,0.578197715,0.397845586,"that",130,210,0.953709044,105,1.10347662,0.149767576,"he's",115,229,1.337968758,104,1.12481698,0.234492138,"a",232,235,1.354963096,225,1.387649296,0.049680538,"father",108,228,1.387649296,60,1.714852597,0.489998118,"",NA,NA,NA,NA,NA,NA,NA,NA,NA,NA,NA,NA,NA,NA,NA,NA,NA,NA,NA,NA,"female","father",0.489998118,"H*","H","Mono-tonal",0.821106711,0.774170794,0.149767576,1.745045081,0.280793959614617,180.285714285714,-0.0898672647331171,"H","1"
"61","P3-D-2-nc.wav","LH","B","N","discovered","L*","B","L-H%","N","H*","","P3","nc","No","D2","No",0.335893969,330,401,0.275278184,281,0.445635405,0.335893969,"he",260,274,0.451147959,245,0.493437169,0.047801764,"discovered",208,245,0.493437169,149,0.77939201,0.378942427,"that",210,211,0.958004139,208,0.984075682,0.111696086,"he's",213,220,1.074375537,206,1.004944788,0.180477519,"a",210,212,1.177776231,205,1.217603338,0.053050137,"father",197,219,1.392708807,113,1.673647959,0.48228142,"",NA,NA,NA,NA,NA,NA,NA,NA,NA,NA,NA,NA,NA,NA,NA,NA,NA,NA,NA,NA,"female","father",0.48228142,"H*","H","Mono-tonal",0.76263816,0.715809076,0.111696086,1.590143322,0.303294308964183,232.571428571429,0.896842563978869,"L","1"
"62","P3-K-2-c.wav","LH","B","N","knew","!H*","B","L-H%","H*","","","P3","c","No","K2","No",0.303148491,288,294,0.124433107,285,0.184491751,0.303148491,"he",326,345,0.464433107,298,0.522687872,0.131422756,"knew",264,298,0.522687872,252,0.678642876,0.155955004,"that",217,252,0.678642876,156,0.801304115,0.122661239,"she",227,244,0.92308377,148,0.804433107,0.150698094,"was",220,236,0.952002209,214,1.055720069,0.162964218,"married",155,218,1.129442067,85,1.424433107,0.481883439,"",NA,NA,NA,NA,NA,NA,NA,NA,NA,NA,NA,NA,NA,NA,NA,NA,NA,NA,NA,NA,"female","married",0.481883439,"H*","H","Mono-tonal",0.590526251,0.795545751,0.122661239,1.508733241,0.319396050875504,242.428571428571,1.0828616300475,"H","1"
"63","P3-K-2-nc.wav","LH","B","N","knew","!H*","B","L-H%","!H*","","","P3","nc","No","K2","No",0.312978288,239,276,0.172471655,122,0.322471655,0.312978288,"he",277,285,0.515460486,261,0.568757029,0.106657405,"knew",246,261,0.568757029,237,0.738359788,0.169602759,"that",221,237,0.738359788,207,0.832471655,0.125890708,"she",230,232,0.982471655,226,1.009374507,0.145124011,"was",211,226,1.009374507,207,1.108886377,0.173099724,"married",139,207,1.18247423,65,1.494951467,0.42488114,"",NA,NA,NA,NA,NA,NA,NA,NA,NA,NA,NA,NA,NA,NA,NA,NA,NA,NA,NA,NA,"female","married",0.42488114,"!H*","H","Mono-tonal",0.589238452,0.743104875,0.125890708,1.458234035,0.291366906684495,223.285714285714,0.721607211885199,"H","0"
"64","P3-K-3-nc.wav","LH","B","N","knew","!H*","B","L-H%","!H*","","","P3","nc","No","K3","No",0.268133148,257,307,0.24774155,148,0.346184807,0.268133148,"she",406,413,0.544899547,391,0.576371401,0.158360517,"knew",285,391,0.576371401,244,0.749128328,0.172756928,"that",167,244,0.749128328,116,0.853953609,0.151162312,"he",206,217,0.959962041,157,0.90029064,0.118770388,"was",206,209,1.019061028,203,1.126184807,0.196151095,"wrong",132,205,1.217434807,71,1.442419546,0.388703087,"",NA,NA,NA,NA,NA,NA,NA,NA,NA,NA,NA,NA,NA,NA,NA,NA,NA,NA,NA,NA,"female","wrong",0.388703087,"!H*","H","Mono-tonal",0.599250593,0.70362457,0.151162312,1.454037475,0.267326732414514,237,0.980416347285066,"H","0"
"65","P3-N-2-c.wav","N","B","L+H*","noticed","N","B","L-H%","N","N","H*","P3","c","No","N2","No",0.235794745,260,264,0.270711872,256,0.186759526,0.235794745,"she",264,274,0.482749433,253,0.550095828,0.190974257,"noticed",226,253,0.550095828,215,0.730474652,0.329333157,"that",221,226,0.902749433,217,0.994403282,0.114974297,"he",218,220,1.078429059,216,1.015936497,0.120820448,"had",167,219,1.11522373,113,1.224710242,0.214358859,"bad",180,200,1.372462558,116,1.502749433,0.235794745,"breath",113,233,1.787749433,57,1.61430901,0.35856391,"",NA,NA,NA,NA,NA,NA,"",NA,NA,NA,NA,NA,NA,"female","breath",0.35856391,"H*","H","Mono-tonal",0.756102159,0.929537962,0.114974297,1.800614418,0.199134199090924,206.125,0.397758801573659,"N","1"
"66","P4-A-1-c.wav","LH","B","N","aware","!H*","H-","L-L%","N","L+H*","!H*","P4","c","No","A1","No",0.281007684,264,305,0.374696654,213,0.248041383,0.281007684,"she",260,271,0.563041383,248,0.617084843,0.186074768,"was",234,248,0.617084843,205,0.728812207,0.111727364,"aware",182,205,0.728812207,170,1.012785924,0.283973716,"that",167,180,1.118041383,160,1.064012262,0.11793444,"he",198,201,1.204518476,193,1.255377106,0.124656743,"was",179,193,1.255377106,172,1.366042888,0.151375581,"a",174,174,1.406752687,174,1.427649243,0.093415572,"terrible",190,211,1.605541383,166,1.835650167,0.335481907,"administrator",132,166,1.835650167,80,2.403219955,0.764599217,"female","administrator",0.764599217,"!H*","H","Mono-tonal",0.862783532,1.46952902,0.11793444,2.450246992,0.312049854360152,198,0.24442786849171,"H","0"
"67","P4-A-1-nc.wav","LH","B","N","aware","!H*","H-","L-L%","N","L+H*","H*","P4","nc","No","A1","No",0.272720469,265,317,0.391306689,225,0.251611444,0.272720469,"she",315,317,0.541306689,313,0.596208687,0.184628889,"was",295,313,0.596208687,251,0.731269674,0.135060987,"aware",207,251,0.731269674,192,0.992387582,0.261117908,"that",186,192,1.095291191,181,1.046479648,0.102903609,"he",201,205,1.186306689,192,1.095291191,0.132488397,"was",189,201,1.227779587,179,1.313806689,0.127186299,"a",172,176,1.358806689,168,1.411306689,0.103979842,"terrible",191,210,1.58145544,175,1.800055755,0.341110027,"administrator",155,176,1.977521498,78,2.428133612,0.756673465,"female","administrator",0.756673465,"H*","H","Mono-tonal",0.853528253,1.46143803,0.102903609,2.417869892,0.31295044762483,217.6,0.614309257834012,"H","1"
"68","P4-A-2-c.wav","LH","B","N","aware","!H*","H-","L-L%","H*","","","P4","c","No","A2","No",0.220809066,267,303,0.393374579,233,0.283033395,0.220809066,"she",277,283,0.551145125,269,0.586398787,0.16313371,"was",255,268,0.586398787,232,0.715365125,0.128966338,"aware",201,232,0.716145125,187,0.933952138,0.218587013,"that",187,197,1.030130423,181,0.969155637,0.096178286,"he",190,202,1.121145125,179,1.191884813,0.161754389,"was",173,179,1.191884813,169,1.293645125,0.150825039,"unreliable",141,165,1.465876636,72,2.008872397,0.714779532,NA,NA,NA,NA,NA,NA,NA,NA,NA,NA,NA,NA,NA,NA,"female","unreliable",0.714779532,"H*","H","Mono-tonal",0.731496127,1.02735896,0.096178286,1.855033373,0.385318961051382,211.375,0.496834173718919,"H","1"
"69","P4-A-2-nc.wav","LH","B","N","aware","!H*","L-","L-L%","L+H*","","","P4","nc","No","A2","No",0.248759016,250,280,0.353757055,217,0.248927695,0.248759016,"she",280,286,0.533134921,273,0.572085547,0.160358035,"was",259,273,0.572085547,232,0.69567389,0.123588343,"aware",197,232,0.69567389,175,0.950863827,0.275849182,"that",177,177,0.975634921,176,0.971523072,0.067391,"he",188,196,1.125634921,180,1.176455308,0.137541236,"was",174,180,1.176455308,172,1.268134921,0.139814645,"unreliable",165,195,1.629587422,86,1.900634921,0.667860514,NA,NA,NA,NA,NA,NA,NA,NA,NA,NA,NA,NA,NA,NA,"female","unreliable",0.667860514,"L+H*","H","Bi-tonal",0.808554576,0.945216395,0.067391,1.821161971,0.366722194200705,211.25,0.494475236286889,"H","1"
"70","P4-A-3-nc.wav","LH","B","N","aware","!H*","H-","L-L%","N","N","H*","P4","nc","No","A3","No",0.257143163,284,332,0.346281301,226,0.217020071,0.257143163,"she",305,310,0.528690476,298,0.564766897,0.16072681,"was",272,298,0.564766897,243,0.694616823,0.129849927,"aware",215,243,0.694616823,193,0.942608896,0.247992073,"that",219,299,1.038690476,188,0.963428395,0.113884772,"he",213,261,1.061190476,190,1.208178445,0.151684778," had",180,190,1.208178445,168,1.391190476,0.240707333,"bad",167,176,1.451190476,159,1.593690476,0.202000626,"reviews",149,163,1.828302089,107,1.938690476,0.56971434,"",NA,NA,NA,NA,NA,NA,"female","reviews",0.56971434,"H*","H","Mono-tonal",0.795711973,1.164107077,0.113884772,2.073703822,0.274732743391742,222.666666666667,0.709924855078967,"H","1"
"71","P4-D-2-c.wav","LH","B","N","discovered","!H*","L-","L-L%","N","H*","","P4","c","No","D2","No",0.351903321,243,276,0.362834716,206,0.240311814,0.351903321,"he",258,270,0.528117914,241,0.566936761,0.056455078,"discovered",197,241,0.566936761,162,0.973413324,0.406476563,"that",107,148,1.059977777,88,1.002267168,0.086564453,"he's",155,179,1.134103922,95,1.059977777,0.151293947,"a",158,160,1.263117914,157,1.235448936,0.06071631,"father",183,208,1.568676409,159,1.271988034,0.418475488,"",NA,NA,NA,NA,NA,NA,NA,NA,NA,NA,NA,NA,NA,NA,NA,NA,NA,NA,NA,NA,"female","father",0.418475488,"H*","H","Mono-tonal",0.814834962,0.630485745,0.086564453,1.53188516,0.27317680132106,185.857142857143,0.0152739465230849,"H","1"
"72","P4-K-2-c.wav","LH","B","N","knew","!H*","H-","L-H%","H*","","","P4","c","No","K2","No",0.297931952,263,280,0.528894673,244,0.39928288,0.297931952,"he",236,250,0.69928288,223,0.75029111,0.11049132,"knew",220,223,0.75029111,218,0.880513022,0.130221913,"that",202,218,0.880513022,193,0.968997432,0.096679905,"she",191,198,1.09678288,182,1.137010729,0.159817802,"was",170,182,1.137010729,163,1.211750822,0.159817802,"married",139,175,1.349303894,87,1.64053288,0.398557976,"",NA,NA,NA,NA,NA,NA,NA,NA,NA,NA,NA,NA,NA,NA,NA,NA,NA,NA,NA,NA,"female","married",0.398557976,"H*","H","Mono-tonal",0.538645185,0.71819358,0.096679905,1.35351867,0.294460641610507,203,0.338785365772909,"H","1"
"73","P4-K-2-nc.wav","LH","B","N","knew","!H*","B","L-L%","L+H*","","","P4","nc","No","K2","No",0.31329291,250,285,0.326207483,219,0.199352755,0.31329291,"he",256,265,0.468707483,247,0.517619847,0.078513795,"knew",239,247,0.517619847,232,0.640345294,0.122725447,"that",215,232,0.640345294,201,0.738707483,0.099095081,"she",198,201,0.739440375,195,0.890376456,0.150936081,"was",185,198,1.053707483,178,0.956884855,0.166610411,"married",159,194,1.056986867,104,1.334122924,0.42031059,"",NA,NA,NA,NA,NA,NA,NA,NA,NA,NA,NA,NA,NA,NA,NA,NA,NA,NA,NA,NA,"female","married",0.42031059,"L+H*","H","Bi-tonal",0.514532152,0.737857082,0.099095081,1.351484315,0.310999236421031,214.571428571429,0.557155573766551,"H","1"
"74","P4-K-3-c.wav","LH","B","N","knew","!H*","B","L-L%","!H*","","","P4","c","No","K3","No",0.200219495,247,275,0.256943072,212,0.137740045,0.200219495,"she",229,235,0.444863946,222,0.474470087,0.162495934,"knew",204,222,0.474470087,189,0.605659464,0.131189378,"that",182,189,0.605659464,180,0.707363946,0.105845975,"he",174,176,0.767363946,170,0.814369838,0.102864398,"was",162,170,0.814369838,158,0.939863946,0.180385394,"wrong",117,151,1.058114991,78,1.220024461,0.344372116,"",NA,NA,NA,NA,NA,NA,NA,NA,NA,NA,NA,NA,NA,NA,NA,NA,NA,NA,NA,NA,"female","wrong",0.344372116,"!H*","H","Mono-tonal",0.493904807,0.627621908,0.105845975,1.22737269,0.280576648646142,187.857142857143,0.0530169454355648,"H","0"
"75","P4-K-3-nc.wav","LH","B","N","knew","!H*","H-","L-L%","H*","","","P4","nc","No","K3","No",0.19154619,264,273,0.262742651,251,0.167757937,0.19154619,"she",251,261,0.430257937,238,0.48111892,0.169658144,"knew",220,238,0.48111892,202,0.616217072,0.135098152,"that",191,202,0.616217072,187,0.693851573,0.122530882,"he",191,196,0.797757937,183,0.840857022,0.102109068,"was",167,183,0.840857022,161,0.938507969,0.202647228,"wrong",141,171,1.078620136,93,1.351507937,0.446138083,"",NA,NA,NA,NA,NA,NA,NA,NA,NA,NA,NA,NA,NA,NA,NA,NA,NA,NA,NA,NA,"female","wrong",0.446138083,"H*","H","Mono-tonal",0.496302486,0.750894379,0.122530882,1.369727747,0.325712963015562,203.571428571429,0.349569079747912,"H","1"
"76","P4-N-2-c.wav","LH","B","N","noticed","!H*","L-","L-L%","N","N","!H*","P4","c","No","N2","No",0.211026019,256,300,0.339552154,222,0.216987588,0.211026019,"she",225,236,0.504552154,214,0.559188513,0.196335824,"noticed",204,214,0.559188513,193,0.797052154,0.321828825,"that",193,203,0.887052154,178,0.935667516,0.054650178,"he",179,194,1.063529889,160,0.979955749,0.174070937,"had",170,186,1.109738453,158,1.296408824,0.236817438,"bad",152,159,1.367052154,149,1.479552154,0.238841518,"breath",120,151,1.817052154,76,1.720364452,0.39671981,"",NA,NA,NA,NA,NA,NA,"",NA,NA,NA,NA,NA,NA,"female","breath",0.39671981,"!H*","H","Mono-tonal",0.729190668,1.046449703,0.054650178,1.830290549,0.216752367659196,187.375,0.0439181867691606,"H","0"
"77","P4-N-2-nc.wav","LH","B","N","noticed","!H*","H-","L-L%","N","N","H*","P4","nc","No","N2","No",0.254087901,259,319,0.375375722,209,0.258598761,0.254087901,"she",255,283,0.55502551,230,0.621685553,0.199795615,"noticed",214,230,0.621685553,198,0.82502551,0.310551879,"that",183,194,0.94377551,168,1.003903251,0.071665818,"he",179,193,1.090524908,163,1.021208174,0.119443031,"had",175,185,1.123346282,163,1.29752551,0.230199295,"bad",162,170,1.38002551,153,1.54502551,0.277976507,"breath",158,172,1.685105957,143,1.794305173,0.410449687,"",NA,NA,NA,NA,NA,NA,"",NA,NA,NA,NA,NA,NA,"female","breath",0.410449687,"H*","H","Mono-tonal",0.764435395,1.03806852,0.071665818,1.874169733,0.219003476458341,198.125,0.24678680592374,"H","1"
"78","P5-A-1-c.wav","LH","B","N","aware","!H*","L-","L-H%","N","L+H*","!H*","P5","c","No","A1","No",0.337102408,309,353,0.303186274,277,0.078557256,0.337102408,"she",300,321,0.386057256,274,0.577537741,0.193614001,"was",253,274,0.577537741,241,0.724563954,0.164184673,"aware",199,244,0.760157052,172,1.110363472,0.368641058,"that",178,183,1.188557256,172,1.113166854,0.125928757,"he",217,236,1.375756314,193,1.248557256,0.166936132,"was",217,234,1.403228361,184,1.561454783,0.158226421,"a",180,184,1.561454783,178,1.623557256,0.071129309,"terrible",205,216,1.823159999,167,2.185559185,0.552975094,"administrator",167,179,2.278379143,155,2.420916079,0.832961075,"male","administrator",0.832961075,"!H*","H","Mono-tonal",1.06354214,1.782228031,0.125928757,2.971698928,0.280297935686438,222.5,0.706779605169588,"H","0"
"79","P5-A-2-nc.wav","LH","B","N","aware","H+!H*","L-H%","L-H%","L+H*","","","P5","nc","No","A2","No",0.55752762,296,367,0.446484087,231,0.309071694,0.55752762,"she",239,260,0.843262472,215,0.916190148,0.193774843,"was",194,215,0.916190148,185,1.033759976,0.17677705,"aware",192,235,1.183990176,165,1.383244264,0.482737329,"that",225,258,1.759967017,183,1.691785199,0.10198676,"he",184,195,1.864512472,173,1.92262515,0.14974622,"was",175,181,2.030339457,168,1.949466813,0.173711392,"unreliable",190,235,2.406971521,161,2.164159073,0.732185399,NA,NA,NA,NA,NA,NA,NA,NA,NA,NA,NA,NA,NA,NA,"male","unreliable",0.732185399,"L+H*","H","Bi-tonal",1.410816842,1.055643011,0.10198676,2.568446613,0.285069347088664,211.875,0.506269923447038,"H","1"
"80","P5-A-3-c.wav","LH","B","N","aware","H+!H*","L-","L-L%","N","L*","H+!H*","P5","c","No","A3","No",0.325187418,250,317,0.325586735,221,0.149141265,0.325187418,"she",279,293,0.611836735,262,0.686274819,0.325187418,"was",229,261,0.686274819,206,0.83969979,0.217982775,"aware",200,241,0.97563721,169,1.146292027,0.350201835,"that",173,173,1.323086735,172,1.301201314,0.115710029,"he",195,198,1.562477002,184,1.405586735,0.192307544,"had",184,198,1.562477002,164,1.735586735,0.277413453,"bad",164,176,1.983086735,158,1.869996409,0.20953042,"reviews",173,218,2.109392298,151,2.414105901,0.647494208,"",NA,NA,NA,NA,NA,NA,"male","reviews",0.647494208,"H+!H*","H","Bi-tonal",1.218559446,1.326745625,0.115710029,2.6610151,0.243326017954577,205.222222222222,0.380722031231216,"H","0"
"81","P5-A-3-nc.wav","LH","B","N","aware","!H*","L-H%","L-L%","N","H*","H+!H*","P5","nc","No","A3","No",0.329497222,279,326,0.308951247,263,0.200863081,0.329497222,"she",377,380,0.533951247,375,0.573791485,0.19483314,"was",344,379,0.618267099,295,0.733920998,0.149896046,"aware",216,301,0.766429186,177,1.054315899,0.394490668,"that",191,193,1.201451247,188,1.238951247,0.139642226,"he",230,244,1.419807401,196,1.298951247,0.156564519,"had",207,242,1.43799391,167,1.591451247,0.26368761,"bad",205,216,1.912631609,188,1.718951247,0.210950088,"reviews",194,236,2.000663707,168,2.330371392,0.58725715,"",NA,NA,NA,NA,NA,NA,"male","reviews",0.58725715,"H+!H*","H","Bi-tonal",1.068717076,1.218459367,0.139642226,2.426818669,0.241986415178678,249.222222222222,1.21106800730577,"H","0"
"82","P5-D-2-c.wav","LH","B","N","discovered","L*","B","L-H%","N","H+!H*","","P5","c","No","D2","No",0.429278634,277,382,0.361247166,226,0.209068393,0.429278634,"he",245,267,0.531247166,230,0.600892586,0.08522387,"discovered",198,246,0.679930779,165,0.891247166,0.48064029,"that",257,284,1.147995022,206,1.091247166,0.117482135,"he's",180,202,1.277497166,169,1.364818058,0.234964271,"a",206,209,1.487497166,201,1.442497166,0.057589282,"father",169,213,1.491568565,158,1.830350755,0.451499971,"",NA,NA,NA,NA,NA,NA,NA,NA,NA,NA,NA,NA,NA,NA,NA,NA,NA,NA,NA,NA,"male","father",0.451499971,"H+!H*","H","Bi-tonal",0.995142794,0.744053524,0.117482135,1.856678453,0.243176178551796,218.857142857143,0.638033428579002,"L","0"
"83","P5-D-2-nc.wav","LH","B","N","discovered","L*","B","L-H%","N","H+!H*","","P5","nc","No","D2","No",0.416090405,279,336,0.286670964,238,0.142152383,0.416090405,"he",387,396,0.459948523,375,0.537045689,0.077097165,"discovered",246,375,0.537045689,188,0.814538408,0.384740073,"that",202,207,1.028737008,197,0.990727864,0.122709844,"he's",205,273,1.058673469,192,1.177547036,0.186443962,"a",208,210,1.257248203,205,1.231173469,0.057267482,"father",163,180,1.388673469,156,1.524162202,0.438369618,"",NA,NA,NA,NA,NA,NA,NA,NA,NA,NA,NA,NA,NA,NA,NA,NA,NA,NA,NA,NA,"male","father",0.438369618,"H+!H*","H","Bi-tonal",0.877927643,0.682081062,0.122709844,1.682718549,0.260512738901293,241.428571428571,1.06399013059126,"L","0"
"84","P5-K-2-nc.wav","LH","B","N","knew","L*","H-","L-H%","H+!H*","","","P5","nc","No","K2","No",0.517128739,276,370,0.384370748,230,0.220734007,0.517128739,"he",293,299,0.594370748,277,0.67341419,0.096132907,"knew",202,277,0.67341419,177,0.81476005,0.252549585,"that",186,191,0.961870748,179,1.014370748,0.128423306,"she",168,171,1.201870748,166,1.268912376,0.214525295,"was",178,191,1.470303469,166,1.270612193,0.201391093,"married",163,191,1.471870748,157,1.589697371,0.449444722,"",NA,NA,NA,NA,NA,NA,NA,NA,NA,NA,NA,NA,NA,NA,NA,NA,NA,NA,NA,NA,"male","married",0.449444722,"H+!H*","H","Bi-tonal",0.865811231,0.86536111,0.128423306,1.859595647,0.241689489177429,209.428571428571,0.460102147991586,"L","0"
"85","P5-K-3-nc.wav","LH","B","N","knew","L*","L-","L-L%","H+!H*","","","P5","nc","No","K3","No",0.394413665,283,360,0.381992014,230,0.22554535,0.394413665,"she",292,305,0.600187075,269,0.669794072,0.196445364,"knew",207,269,0.669794072,185,0.914181459,0.244387388,"that",180,186,0.914181459,176,0.947121,0.121491011,"he",181,184,1.156668636,172,NA,0.192474851,"was",188,195,1.317555553,176,1.228147321,0.19153538,"wrong",157,182,1.419682701,148,1.706035594,0.384621234,"",NA,NA,NA,NA,NA,NA,NA,NA,NA,NA,NA,NA,NA,NA,NA,NA,NA,NA,NA,NA,"male","wrong",0.384621234,"H+!H*","H","Bi-tonal",0.835246417,0.768631465,0.121491011,1.725368893,0.222921159388261,212.571428571429,0.519412574854071,"L","0"
"86","P5-N-2-nc.wav","LH","B","N","noticed","L*","B","L-H%","N","N","H*","P5","nc","No","N2","No",0.302549688,285,327,0.251509594,260,0.172880241,0.302549688,"she",331,364,0.383952641,285,0.529971166,0.158838586,"noticed",212,285,0.529971166,182,0.671051475,0.319568108,"that",300,308,0.877048194,223,0.9573226,0.107783326,"he",222,238,1.078055083,207,1.002925571,0.132365488,"had",191,237,1.089688088,159,1.255654762,0.272294719,"bad",163,164,1.383154762,162,1.495654762,0.245821621,"breath",169,176,1.629540099,162,1.765426929,0.332804656,"",NA,NA,NA,NA,NA,NA,"",NA,NA,NA,NA,NA,NA,"male","breath",0.332804656,"H*","H","Mono-tonal",0.780956382,0.983286484,0.107783326,1.872026192,0.177777777587847,234.125,0.926160786348377,"L","1"
"87","P6-A-1-c.wav","LH","B","N","aware","!H*","H-","L-H%","N","H*","!H*","P6","c","No","A1","No",0.308150624,289,325,0.345748299,268,0.171149692,0.308150624,"she",342,351,0.525748299,334,0.57185291,0.183296492,"was",331,338,0.630698033,311,0.752492931,0.180640021,"aware",251,311,0.752492931,228,1.04204826,0.289555328,"that",231,233,1.110748299,228,1.04204826,0.08766354,"he",232,241,1.215748299,223,1.262535344,0.132823545,"was",218,223,1.356519262,209,1.453801249,0.191265905,"a",207,209,1.453801249,205,1.478248299,0.05844236,"terrible",217,225,1.614962907,212,1.739975258,0.350654159,"administrator",163,216,1.862897768,75,2.487228914,0.79694127,"female","administrator",0.79694127,"!H*","H","Mono-tonal",0.961642465,1.530127239,0.08766354,2.579433244,0.308959835209443,248.1,1.18988999124933,"H","0"
"88","P6-A-1-nc.wav","LH","B","N","aware","!H*","H-","L-H%","N","H*","H*","P6","nc","No","A1","No",0.306558852,302,371,0.303486395,276,0.137659153,0.306558852,"she",382,388,0.445986395,374,0.481249268,0.147677833,"was",351,374,0.481249268,299,0.691502455,0.210253187,"aware",271,299,0.693486395,258,0.951815924,0.260313469,"that",245,258,0.951815924,236,1.053486395,0.130156735,"he",225,227,1.140394249,221,1.174584181,0.092611523,"was",215,221,1.174584181,206,1.309746944,0.135162763,"a",200,206,1.309746944,196,1.353486395,0.077499561,"terrible",219,228,1.500312468,211,1.752780444,0.365533939,"administrator",168,211,1.752780444,64,2.379780929,0.772644936,"female","administrator",0.772644936,"H*","H","Mono-tonal",0.924803341,1.443452722,0.130156735,2.498412798,0.309254314026292,257.8,1.37294353597486,"H","1"
"89","P6-A-2-nc.wav","LH","B","N","aware","!H*","H-","L-H%","H*","","","P6","nc","No","A2","No",0.338312482,249,293,0.332936508,176,0.277993558,0.338312482,"she",356,361,0.490436508,349,0.531595755,0.152026495,"was",342,349,0.531595755,325,0.722164179,0.190568424,"aware",258,325,0.722164179,227,0.966750717,0.265511062,"that",238,240,1.025361889,231,0.987675241,0.102778476,"he",239,240,1.125349776,237,1.163255137,0.07280142,"was",229,237,1.163255137,218,1.277936508,0.164873805,"unreliable",180,217,1.843006596,97,1.995042846,0.805098059,NA,NA,NA,NA,NA,NA,NA,NA,NA,NA,NA,NA,NA,NA,"female","unreliable",0.805098059,"H*","H","Mono-tonal",0.946418463,1.042773284,0.102778476,2.091970223,0.384851586388952,261.375,1.44040914653091,"H","1"
"90","P6-A-3-c.wav","LH","B","N","aware","L*","L-","L-L%","N","H*","!H*","P6","c","No","A3","No",0.294648173,277,320,0.360223923,259,0.220773869,0.294648173,"she",355,356,0.525223923,353,0.559717635,0.177249292,"was",361,374,0.751048754,342,0.701712982,0.184155108,"aware",260,377,0.751048754,208,1.072829863,0.321781109,"that",216,220,1.162723923,208,1.072829863,0.113285335,"he",233,240,1.260223923,226,1.315023774,0.128908576,"had",215,226,1.315023774,202,1.432723923,0.16793423,"bad",207,211,1.492723923,205,1.671824296,0.188866293,"reviews",163,207,1.714813139,60,2.08814059,0.637637063,"",NA,NA,NA,NA,NA,NA,"female","reviews",0.637637063,"!H*","H","Mono-tonal",0.977833682,1.123346162,0.113285335,2.214465179,0.287941787952584,254.111111111111,1.30332867131406,"L","0"
"91","P6-A-3-nc.wav","LH","B","N","aware","!H*","H-","L-L%","N","H*","!H*","P6","nc","No","A3","No",0.336049568,297,347,0.384206349,261,0.181706349,0.336049568,"she",361,373,0.541706349,349,0.591944547,0.178935484,"was",340,351,0.653013809,324,0.73453614,0.174571204,"aware",270,327,0.766515751,235,1.021826137,0.255310386,"that",242,247,1.093487214,234,1.032826341,0.124381983,"he",242,254,1.216706349,231,1.288047223,0.141839103,"had",218,231,1.288047223,208,1.392302099,0.152749803,"bad",201,211,1.456706349,196,1.516815411,0.181117624,"reviews",165,222,2.052956349,49,1.956884387,0.560809993,"",NA,NA,NA,NA,NA,NA,"female","reviews",0.560809993,"!H*","H","Mono-tonal",0.944866642,1.036516523,0.124381983,2.105765148,0.266321243626167,259.555555555556,1.40607350168693,"H","0"
"92","P6-D-2-c.wav","LH","B","N","discovered","!H*","H-","L-H%","N","H*","","P6","c","No","D2","No",0.398417956,268,288,0.316420068,251,0.1574293,0.398417956,"he",303,319,0.481420068,294,0.539114804,0.112723129,"discovered",246,312,0.589797842,213,1.026557988,0.485875556,"that",224,230,1.118920068,221,1.081420068,0.099118613,"he's",229,260,1.231420068,215,1.300986895,0.231276765,"a",217,218,1.403920068,216,1.388920068,0.040813547,"father",220,262,1.901836735,194,1.628096948,0.50725408,"",NA,NA,NA,NA,NA,NA,NA,NA,NA,NA,NA,NA,NA,NA,NA,NA,NA,NA,NA,NA,"female","father",0.50725408,"H*","H","Mono-tonal",0.997016641,0.779344392,0.099118613,1.875479646,0.270466321019194,243.857142857143,1.109820914985,"H","1"
"93","P6-D-2-nc.wav","LH","B","N","discovered","!H*","H-","L-H%","N","H*","","P6","nc","No","D2","No",0.37350035,285,322,0.345873016,271,0.245617188,0.37350035,"he",296,323,0.495873016,265,0.594056293,0.154818798,"discovered",238,269,0.621195862,221,0.982894476,0.441233574,"that",238,245,1.043373016,229,1.088373016,0.063862754,"he's",219,229,1.178373016,207,1.238373016,0.205134907,"a",217,219,1.313373016,214,1.343373016,0.058057049,"father",132,211,1.450873016,77,1.750873016,0.524448677,"",NA,NA,NA,NA,NA,NA,NA,NA,NA,NA,NA,NA,NA,NA,NA,NA,NA,NA,NA,NA,"female","father",0.524448677,"H*","H","Mono-tonal",0.969552722,0.787640633,0.063862754,1.821056109,0.287991498124674,232.142857142857,0.888754778497613,"H","1"
"94","P6-K-2-nc.wav","LH","B","N","knew","!H*","B","L-L%","!H*","","","P6","nc","No","K2","No",0.38002572,283,320,0.337947846,253,0.169892018,0.38002572,"he",339,344,0.477045372,327,0.528742296,0.09577884,"knew",305,327,0.528742296,279,0.681679476,0.15293718,"that",273,279,0.681679476,263,0.791361696,0.10968222,"she",267,276,0.907947846,259,0.941209236,0.14984754,"was",244,259,0.941209236,228,1.063702902,0.12667524,"married",184,231,1.098551035,106,1.392217242,0.4943424,"",NA,NA,NA,NA,NA,NA,NA,NA,NA,NA,NA,NA,NA,NA,NA,NA,NA,NA,NA,NA,"female","married",0.4943424,"!H*","H","Mono-tonal",0.62874174,0.77086518,0.10968222,1.50928914,0.327533265097236,270.714285714286,1.61665547180973,"H","0"
"95","P6-N-2-c.wav","LH","B","N","noticed","!H*","H-","L-L%","N","H*","!H*","P6","c","No","N2","No",0.310776688,256,288,0.323038549,234,0.163547334,0.310776688,"she",323,336,0.495538549,307,0.563425525,0.202448814,"noticed",266,307,0.563425525,251,0.840538549,0.372932025,"that",250,269,0.938038549,231,0.993185287,0.056827737,"he",224,232,1.111756901,216,1.044479115,0.134965876,"had",219,230,1.128151163,205,1.260538549,0.186466013,"bad",202,209,1.328038549,193,1.493038549,0.237966149,"breath",160,216,1.770538549,71,1.680538549,0.230862682,"",NA,NA,NA,NA,NA,NA,"",NA,NA,NA,NA,NA,NA,"female","breath",0.230862682,"!H*","H","Mono-tonal",0.886157527,0.79026072,0.056827737,1.733245984,0.133196721141227,237.5,0.989852097013186,"H","0"
"96","P6-N-2-nc.wav","LH","B","N","noticed","!H*","L-H%","L-H%","N","N","H*","P6","nc","No","N2","No",0.333262304,283,353,0.362619048,249,0.228020043,0.333262304,"she",279,308,0.580119048,256,0.669165502,0.262444064,"noticed",230,256,0.669165502,222,0.810263461,0.4200328,"that",218,222,1.202619048,217,1.241629532,0.072901129,"he",218,227,1.382060171,209,1.317785734,0.147885147,"had",212,222,1.410674128,203,1.495119048,0.152050926,"bad",210,217,1.570119048,205,1.704110871,0.212454719,"breath",213,247,1.795119048,164,1.930119048,0.268692733,"",NA,NA,NA,NA,NA,NA,"",NA,NA,NA,NA,NA,NA,"female","breath",0.268692733,"H*","H","Mono-tonal",1.015739168,0.781083525,0.072901129,1.869723822,0.143707177412216,232.875,0.902571412028077,"H","1"
"97","P8-A-1-c.wav","H*","B","N","aware","!H*","B","L-H%","N","N","H*","P8","c","No","A1","No",0.275434221,114,117,0.235262944,108,0.163106576,0.275434221,"she",117,119,0.453106576,112,0.481510764,0.112041039,"was",105,112,0.481510764,101,0.543106576,0.100370097,"aware",97,103,0.583106576,92,0.791957809,0.210076948,"that",91,92,0.791957809,90,0.877825165,0.105038474,"he",93,94,0.949544676,91,0.896996284,0.088699156,"was",92,93,0.985695439,90,1.053106576,0.133048734,"a",90,90,1.13465886,90,1.153106576,0.044349578,"terrible",89,96,1.27528392,85,1.394094427,0.291773539,"administrator",86,96,1.619940539,78,1.973106576,0.767947955,"male","administrator",0.767947955,"H*","H","Mono-tonal",0.697922305,1.325818962,0.105038474,2.128779741,0.360745614123166,97.4,-1.65404497680603,"H","1"
"98","P8-A-1-nc.wav","LH","B","N","aware","!H*","B","L-H%","N","N","H*","P8","nc","No","A1","No",0.235408324,117,122,0.29462585,111,0.20462585,0.235408324,"she",140,141,0.46462585,140,0.473785028,0.124627936,"was",134,140,0.473785028,131,0.56385116,0.120012087,"aware",119,135,0.610525803,106,0.836129214,0.242332098,"that",102,106,0.836129214,98,0.916780463,0.08065125,"he",98,99,1.04254844,97,0.939674662,0.125767977,"was",98,100,1.052390386,94,1.11462585,0.121306087,"a",97,98,1.18434132,96,1.219244722,0.055390194,"terrible",95,101,1.33462585,92,1.431753959,0.300615921,"administrator",90,105,1.710103457,75,1.98462585,0.744873989,"male","administrator",0.744873989,"H*","H","Mono-tonal",0.722380445,1.347954168,0.08065125,2.150985863,0.346294228062065,109,-1.43513558311364,"H","1"
"99","P8-A-2-c.wav","LH","B","N","aware","!H*","H-","L-H%","H*","","","P8","c","No","A2","No",0.228913249,124,131,0.262913832,116,0.132913832,0.228913249,"she",147,147,0.432913832,146,0.44852427,0.124323575,"was",137,146,0.44852427,132,0.519898307,0.096696114,"aware",118,136,0.560170478,106,0.785973973,0.24075359,"that",104,106,0.785973973,103,0.872913832,0.120376795,"he",102,103,0.962913832,101,1.026727563,0.120376795,"was",98,101,1.026727563,94,1.092913832,0.102616284,"unreliable",89,100,1.498828534,62,1.155413832,0.76764874,NA,NA,NA,NA,NA,NA,NA,NA,NA,NA,NA,NA,NA,NA,"male","unreliable",0.76764874,"H*","H","Mono-tonal",0.690686528,0.990641819,0.120376795,1.801705142,0.426067907619925,114.875,-1.32426552380823,"H","1"
"100","P8-A-2-nc.wav","LH","B","N","aware","H*","B","L-H%","H*","","","P8","nc","No","A2","No",0.20740257,107,121,0.1938322,103,0.140136598,0.20740257,"she",127,150,0.2938322,103,0.369842753,0.11461721,"was",99,106,0.369842753,98,0.432053773,0.094604681,"aware",98,100,0.477460469,97,0.526552554,0.191028683,"that",96,98,0.655476118,93,0.7538322,0.110978568,"he",97,99,0.8338322,95,0.891987821,0.125533135,"was",93,95,0.891987821,91,0.9538322,0.107339927,"unreliable",89,94,1.166966639,79,1.6638322,0.764114733,NA,NA,NA,NA,NA,NA,NA,NA,NA,NA,NA,NA,NA,NA,"male","unreliable",0.764114733,"H*","H","Mono-tonal",0.607653144,0.996987795,0.110978568,1.715619507,0.445387062738731,100.75,-1.59082545362762,"H","1"
"101","P8-A-3-c.wav","LH","B","N","aware","!H*","H-","L-L%","N","N","H*","P8","c","No","A3","No",0.249728484,112,119,0.252131519,105,0.122131519,0.249728484,"she",129,131,0.442131519,127,0.463492348,0.136030963,"was",119,127,0.463492348,113,0.572229616,0.127909711,"aware",107,116,0.610317591,100,0.883767115,0.292365055,"that",96,100,0.883767115,93,1.00999102,0.13400065,"he",98,99,1.090263404,93,1.017767765,0.101515644,"had",93,98,1.119283409,87,1.242131519,0.186788785,"bad",91,95,1.312131519,89,1.412131519,0.14821284,"reviews",88,94,1.655585476,80,1.842131519,0.511638846,"",NA,NA,NA,NA,NA,NA,"male","reviews",0.511638846,"H*","H","Mono-tonal",0.806034213,0.948156115,0.13400065,1.888190978,0.270967742119992,103.666666666667,-1.53578358021358,"H","1"
"102","P8-A-3-nc.wav","LH","B","N","aware","!H*","B","L-L%","N","N","L+H*","P8","nc","No","A3","No",0.184208616,108,110,0.171772366,105,0.110068027,0.184208616,"she",119,120,0.400068027,117,0.422909803,0.171183764,"was",113,117,0.422909803,109,0.551297627,0.128387823,"aware",101,109,0.551297627,93,0.742949015,0.191651388,"that",91,93,0.742949015,91,0.826680204,0.083731189,"he",92,94,0.893665155,91,0.834514234,0.066984951,"had",92,94,0.902384606,90,0.990068027,0.186069309,"bad",88,88,1.110068027,88,1.180183288,0.137691289,"reviews",88,97,1.407294956,80,1.650068027,0.561929313,"",NA,NA,NA,NA,NA,NA,"male","reviews",0.561929313,"L+H*","H","Bi-tonal",0.675431591,0.952674862,0.083731189,1.711837642,0.328260869613475,99.1111111111111,-1.62175374440313,"H","1"
"103","P8-D-2-c.wav","LH","B","N","discovered","!H*","L-H%","L-L%","N","L*","","P8","c","No","D2","No",0.362583871,104,109,0.304705215,100,0.151520955,0.362583871,"he",113,116,0.484705215,108,0.518525953,0.065226728,"discovered",96,108,0.518525953,84,0.934705215,0.45275023,"that",92,94,1.110312479,90,1.074705215,0.164985253,"he's",91,92,1.201547696,90,1.284705215,0.197598617,"a",88,90,1.358799685,87,1.404705215,0.053716129,"father",83,96,1.524705215,77,1.644705215,0.454668663,"",NA,NA,NA,NA,NA,NA,NA,NA,NA,NA,NA,NA,NA,NA,NA,NA,NA,NA,NA,NA,"male","father",0.454668663,"L*","L","Mono-tonal",0.880560829,0.705983409,0.164985253,1.751529491,0.259583789674256,95.2857142857143,-1.6939447185135,"H","0"
"104","P8-D-2-nc.wav","LH","B","N","discovered","!H*","B","L-L%","N","L+H*","","P8","nc","No","D2","No",0.374514267,123,125,0.214111866,115,0.141802721,0.374514267,"he",119,122,0.441802721,114,0.479801168,0.053256616,"discovered",102,114,0.479801168,95,0.818238373,0.338437205,"that",92,95,0.818238373,88,0.907572051,0.089333678,"he's",89,91,0.968745431,86,1.034700748,0.127128696,"a",85,86,1.034700748,84,1.1037768,0.07387208,"father",90,103,1.246841188,69,1.476990161,0.46212999,"",NA,NA,NA,NA,NA,NA,NA,NA,NA,NA,NA,NA,NA,NA,NA,NA,NA,NA,NA,NA,"male","father",0.46212999,"L+H*","H","Bi-tonal",0.766208088,0.663130766,0.089333678,1.518672532,0.30429864257267,100,-1.6049790782198,"H","1"
"105","P8-K-2-c.wav","LH","B","N","knew","!H*","H-","L-H%","L*","","","P8","c","No","K2","No",0.367789424,121,122,0.208088537,118,0.13175737,0.367789424,"he",120,123,0.46175737,116,0.498694433,0.059726488,"knew",107,116,0.498694433,103,0.704593641,0.205899208,"that",113,125,0.80675737,103,0.714553829,0.138313972,"she",106,110,0.95175737,101,0.979649834,0.136742222,"was",95,101,0.979649834,91,1.104737177,0.130455223,"married",89,96,1.51175737,87,1.438916288,0.413370165,"",NA,NA,NA,NA,NA,NA,NA,NA,NA,NA,NA,NA,NA,NA,NA,NA,NA,NA,NA,NA,"male","married",0.413370165,"L*","L","Mono-tonal",0.63341512,0.68056761,0.138313972,1.452296702,0.284632034508332,107.285714285714,-1.46748672503863,"H","0"
"106","P8-K-2-nc.wav","LH","B","N","knew","!H*","B","L-L%","L*","","","P8","nc","No","K2","No",0.324614396,119,125,0.312834467,114,0.160103733,0.324614396,"he",124,135,0.437236396,117,0.500064989,0.062828593,"knew",111,117,0.500064989,104,0.616746661,0.116681672,"that",92,104,0.616746661,84,0.712834467,0.115185753,"she",92,93,0.853101843,92,0.842834467,0.121169429,"was",93,95,0.881137632,89,0.942834467,0.118177591,"married",85,92,1.042823415,78,1.265449239,0.469718526,"",NA,NA,NA,NA,NA,NA,NA,NA,NA,NA,NA,NA,NA,NA,NA,NA,NA,NA,NA,NA,"male","married",0.469718526,"L*","L","Mono-tonal",0.504124661,0.709065546,0.115185753,1.32837596,0.353603603305197,102.285714285714,-1.56184422231983,"H","0"
"107","P8-K-3-nc.wav","LH","B","N","knew","!H*","B","L-L%","H*","","","P8","nc","No","K3","No",0.274466423,121,126,0.292136277,111,0.125453515,0.274466423,"she",114,118,0.480453515,109,0.524427624,0.179338856,"knew",102,109,0.524427624,97,0.738074782,0.213647159,"that",95,97,0.738074782,94,0.810453515,0.10136544,"he",94,95,0.908109379,92,0.962638219,0.123197997,"was",90,92,0.962638219,88,1.070453515,0.165303641,"wrong",89,98,1.220484566,78,1.420453515,0.413259103,"",NA,NA,NA,NA,NA,NA,NA,NA,NA,NA,NA,NA,NA,NA,NA,NA,NA,NA,NA,NA,"male","wrong",0.413259103,"H*","H","Mono-tonal",0.667452438,0.701760741,0.10136544,1.470578619,0.281018027639364,100.714285714286,-1.59149943575105,"H","1"
"108","P9-A-1-c.wav","LH","B","N","aware","L*","L-","L-H%","N","H*","!H*","P9","c","No","A1","No",0.282100256,236,249,0.136272676,227,0.286272676,0.282100256,"she",237,240,0.481272676,231,0.53683616,0.176029756,"was",223,231,0.53683616,218,0.683535086,0.146698926,"aware",198,218,0.683535086,188,0.952927658,0.269392573,"that",185,188,0.952927658,183,1.000815429,0.080017596,"he",197,202,1.133502645,193,1.066272676,0.141364419,"was",191,195,1.174309673,187,1.291272676,0.149366179,"a",191,192,1.351259883,190,1.382026305,0.096021115,"terrible",209,231,1.506469441,185,1.8224522,0.402755232,"administrator",134,185,1.8224522,80,2.279081974,0.769510778,"female","administrator",0.769510778,"!H*","H","Mono-tonal",0.874221511,1.559017723,0.080017596,2.51325683,0.306180716914634,200.1,0.284058017349813,"L","0"
"109","P9-D-2-c.wav","LH","B","N","discovered","!H*","B","L-L%","N","H*","","P9","c","No","D2","No",0.297196098,229,234,0.110294785,225,0.241713009,0.297196098,"he",235,254,0.430294785,219,0.507266286,0.140777099,"discovered",208,229,0.680294785,191,0.874517685,0.361718935,"that",186,191,0.874517685,183,0.900294785,0.119269487,"he's",190,196,1.039822629,179,1.130294785,0.199434224,"a",198,202,1.240294785,195,1.200294785,0.048880937,"father",138,213,1.315294785,72,1.640152153,0.545511259,"",NA,NA,NA,NA,NA,NA,NA,NA,NA,NA,NA,NA,NA,NA,NA,NA,NA,NA,NA,NA,"female","father",0.545511259,"H*","H","Mono-tonal",0.799692132,0.79382642,0.119269487,1.712788039,0.318493150686931,197.714285714286,0.239036011504218,"H","1"
"110","P9-D-2-nc.wav","LH","B","N","discovered","!H*","B","L-H%","N","L+H*","","P9","nc","No","D2","No",0.340236214,237,263,0.345241383,223,0.264204039,0.340236214,"he",249,260,0.454793731,233,0.508015038,0.053221307,"discovered",209,234,0.585089629,189,0.794575288,0.355442302,"that",192,196,0.86345734,189,0.885756803,0.138755551,"he's",199,206,1.188487466,186,1.13625565,0.186274575,"a",218,232,1.251212578,206,1.188487466,0.062725112,"father",200,311,1.400441909,90,1.653432265,0.532213072,"",NA,NA,NA,NA,NA,NA,NA,NA,NA,NA,NA,NA,NA,NA,NA,NA,NA,NA,NA,NA,"female","father",0.532213072,"L+H*","H","Bi-tonal",0.748899823,0.781212759,0.138755551,1.668868133,0.318906605906172,214.857142857143,0.562547430754042,"H","1"
"111","P9-K-2-c.wav","LH","B","N","knew","!H*","L-","L-L%","L*","","","P9","c","No","K2","No",0.289124644,245,252,0.163733152,227,0.31446712,0.289124644,"he",266,268,0.471898487,262,0.514784497,0.129387271,"knew",234,262,0.514784497,210,0.672924496,0.158139998,"that",209,210,0.672924496,207,0.697352332,0.135776766,"she",205,210,0.90446712,198,0.946075402,0.13737414,"was",193,198,0.946075402,190,1.06446712,0.172516362,"married",110,192,1.12946712,47,1.402667217,0.444069894,"",NA,NA,NA,NA,NA,NA,NA,NA,NA,NA,NA,NA,NA,NA,NA,NA,NA,NA,NA,NA,"female","married",0.444069894,"L*","L","Mono-tonal",0.576651913,0.753960396,0.135776766,1.466389075,0.302832243891342,208.857142857143,0.449318434016603,"H","0"
"112","P9-K-3-c.wav","LH","B","N","knew","!H*","B","L-L%","L*","","","P9","c","No","K3","No",0.270136008,225,242,0.080680272,212,0.200680272,0.270136008,"she",239,244,0.390680272,231,0.434518305,0.155741678,"knew",211,231,0.434518305,194,0.638498556,0.203980251,"that",193,194,0.638498556,193,0.654605291,0.084072941,"he",195,197,0.78277513,190,0.824561622,0.101990125,"was",185,190,0.824561622,181,0.950680272,0.210871475,"wrong",87,177,1.038180272,55,1.144885319,0.336291765,"",NA,NA,NA,NA,NA,NA,NA,NA,NA,NA,NA,NA,NA,NA,NA,NA,NA,NA,NA,NA,"female","wrong",0.336291765,"L*","L","Mono-tonal",0.629857937,0.649153365,0.084072941,1.363084243,0.246713852593482,190.714285714286,0.106935515310539,"H","0"
"113","P9-K-3-nc.wav","LH","B","N","knew","!H*","H-","L-H%","L+H*","","","P9","nc","No","K3","No",0.219199963,229,264,0.153027211,208,0.243027211,0.219199963,"she",224,229,0.473027211,218,0.532764401,0.197279967,"knew",205,218,0.532764401,192,0.698730087,0.165965686,"that",187,192,0.698730087,185,0.763027211,0.086114271,"he",190,193,0.856644983,182,0.921061478,0.13621712,"was",180,186,1.033027211,178,0.969822751,0.165965686,"wrong",219,279,1.195296902,177,1.380415134,0.472845635,"",NA,NA,NA,NA,NA,NA,NA,NA,NA,NA,NA,NA,NA,NA,NA,NA,NA,NA,NA,NA,"female","wrong",0.472845635,"L+H*","H","Bi-tonal",0.582445616,0.775028441,0.086114271,1.443588328,0.327548807252479,204.857142857143,0.373832436191643,"H","1"
"114","P9-N-2-nc.wav","LH","B","N","noticed","!H*","H-","L-H%","N","N","L+H*","P9","nc","No","N2","No",0.24559734,237,243,0.142977557,225,0.233384354,0.24559734,"she",247,260,0.420884354,233,0.486299389,0.200780307,"noticed",207,233,0.486299389,194,0.658647513,0.344194812,"that",NA,NA,NA,NA,NA,0.080670659,"he",198,204,0.98172993,193,0.934995109,0.111146241,"had",185,195,1.022311101,169,1.148384354,0.179268131,"bad",168,174,1.223384354,162,1.367975745,0.24559734,"breath",211,225,1.496150507,193,1.703129092,0.340609449,"",NA,NA,NA,NA,NA,NA,"",NA,NA,NA,NA,NA,NA,"female","breath",0.340609449,"L+H*","H","Bi-tonal",0.790572459,0.876621161,0.080670659,1.747864279,0.194871794733898,NA,NA,"H","1"
